Workbook
Name Datenschnitt_L_P_E: #N/A
Name Datenschnitt_ST: #N/A
Name Datenschnitt_Team: #N/A
Name Einzelfilter_Gegner: OFFSET(Einzel!$D$10,0,0,COUNTA(Einzel!$D$10:$D$39),1)
Name Einzelfilter_Gesamt: OFFSET(Einzel!$E$10,0,0,COUNTA(Einzel!$E$10:$E$39),1)
Name Einzelfilter_Räumer: OFFSET(Einzel!$G$10,0,0,COUNTA(Einzel!$G$10:$G$39),1)
Name Einzelfilter_Schnitt: OFFSET(Einzel!$H$10,0,0,COUNTA(Einzel!$H$10:$H$39),1)
Name Einzelfilter_Volle: OFFSET(Einzel!$F$10,0,0,COUNTA(Einzel!$F$10:$F$39),1)

Sheet Kalender
A1: KW | B1: Datum | C1: Spiele | H1: KW
A2: =WEEKNUM(B2) -> 34 | B2: 45892 | C2: {=IF(COUNTIF(Chronologie[Datum],B2)=0,"","(") &TRANSPOSE(_xlfn._xlws.FILTER(Chronologie[ID],Chronologie[Datum]=B2,"")) &IF(COUNTIF(Chronologie[Datum],B2)=0,"",") ") &TRANSPOSE(_xlfn._xlws.FILTER(Chronologie[Gegner],Chronologie[Datum]=B2,"")) &IF(COUNTIF(Chronologie[Datum],B2)=0,""," [") &TRANSPOSE(_xlfn._xlws.FILTER(Chronologie[H/A],Chronologie[Datum]=B2,"")) &IF(COUNTIF(Chronologie[Datum],B2)=0,"","]") &CHAR(10) &TRANSPOSE(_xlfn._xlws.FILTER(Chronologie[Startzeit],Chronologie[Datum]=B2,""))} -> (U19-L-1) SV Fortschritt Pirna [A] 13:00 Uhr | H2: =A2 -> 34
B3: 45893 | C3: {=IF(COUNTIF(Chronologie[Datum],B3)=0,"","(") &TRANSPOSE(_xlfn._xlws.FILTER(Chronologie[ID],Chronologie[Datum]=B3,"")) &IF(COUNTIF(Chronologie[Datum],B3)=0,"",") ") &TRANSPOSE(_xlfn._xlws.FILTER(Chronologie[Gegner],Chronologie[Datum]=B3,"")) &IF(COUNTIF(Chronologie[Datum],B3)=0,""," [") &TRANSPOSE(_xlfn._xlws.FILTER(Chronologie[H/A],Chronologie[Datum]=B3,"")) &IF(COUNTIF(Chronologie[Datum],B3)=0,"","]") &CHAR(10) &TRANSPOSE(_xlfn._xlws.FILTER(Chronologie[Startzeit],Chronologie[Datum]=B3,""))}
A4: =WEEKNUM(B4) -> 35 | B4: =B2+7 -> 45899 | C4: {=IF(COUNTIF(Chronologie[Datum],B4)=0,"","(") &TRANSPOSE(_xlfn._xlws.FILTER(Chronologie[ID],Chronologie[Datum]=B4,"")) &IF(COUNTIF(Chronologie[Datum],B4)=0,"",") ") &TRANSPOSE(_xlfn._xlws.FILTER(Chronologie[Gegner],Chronologie[Datum]=B4,"")) &IF(COUNTIF(Chronologie[Datum],B4)=0,""," [") &TRANSPOSE(_xlfn._xlws.FILTER(Chronologie[H/A],Chronologie[Datum]=B4,"")) &IF(COUNTIF(Chronologie[Datum],B4)=0,"","]") &CHAR(10) &TRANSPOSE(_xlfn._xlws.FILTER(Chronologie[Startzeit],Chronologie[Datum]=B4,""))} -> (U19-L-2) MSV Bautzen 04 [A] 13:00 Uhr | H4: =A4 -> 35
B5: =B3+7 -> 45900 | C5: {=IF(COUNTIF(Chronologie[Datum],B5)=0,"","(") &TRANSPOSE(_xlfn._xlws.FILTER(Chronologie[ID],Chronologie[Datum]=B5,"")) &IF(COUNTIF(Chronologie[Datum],B5)=0,"",") ") &TRANSPOSE(_xlfn._xlws.FILTER(Chronologie[Gegner],Chronologie[Datum]=B5,"")) &IF(COUNTIF(Chronologie[Datum],B5)=0,""," [") &TRANSPOSE(_xlfn._xlws.FILTER(Chronologie[H/A],Chronologie[Datum]=B5,"")) &IF(COUNTIF(Chronologie[Datum],B5)=0,"","]") &CHAR(10) &TRANSPOSE(_xlfn._xlws.FILTER(Chronologie[Startzeit],Chronologie[Datum]=B5,""))}
A6: =WEEKNUM(B6) -> 36 | B6: =B4+7 -> 45906 | C6: {=IF(COUNTIF(Chronologie[Datum],B6)=0,"","(") &TRANSPOSE(_xlfn._xlws.FILTER(Chronologie[ID],Chronologie[Datum]=B6,"")) &IF(COUNTIF(Chronologie[Datum],B6)=0,"",") ") &TRANSPOSE(_xlfn._xlws.FILTER(Chronologie[Gegner],Chronologie[Datum]=B6,"")) &IF(COUNTIF(Chronologie[Datum],B6)=0,""," [") &TRANSPOSE(_xlfn._xlws.FILTER(Chronologie[H/A],Chronologie[Datum]=B6,"")) &IF(COUNTIF(Chronologie[Datum],B6)=0,"","]") &CHAR(10) &TRANSPOSE(_xlfn._xlws.FILTER(Chronologie[Startzeit],Chronologie[Datum]=B6,""))} | H6: =A6 -> 36
B7: =B5+7 -> 45907 | C7: {=IF(COUNTIF(Chronologie[Datum],B7)=0,"","(") &TRANSPOSE(_xlfn._xlws.FILTER(Chronologie[ID],Chronologie[Datum]=B7,"")) &IF(COUNTIF(Chronologie[Datum],B7)=0,"",") ") &TRANSPOSE(_xlfn._xlws.FILTER(Chronologie[Gegner],Chronologie[Datum]=B7,"")) &IF(COUNTIF(Chronologie[Datum],B7)=0,""," [") &TRANSPOSE(_xlfn._xlws.FILTER(Chronologie[H/A],Chronologie[Datum]=B7,"")) &IF(COUNTIF(Chronologie[Datum],B7)=0,"","]") &CHAR(10) &TRANSPOSE(_xlfn._xlws.FILTER(Chronologie[Startzeit],Chronologie[Datum]=B7,""))}
A8: =WEEKNUM(B8) -> 37 | B8: =B6+7 -> 45913 | C8: {=IF(COUNTIF(Chronologie[Datum],B8)=0,"","(") &TRANSPOSE(_xlfn._xlws.FILTER(Chronologie[ID],Chronologie[Datum]=B8,"")) &IF(COUNTIF(Chronologie[Datum],B8)=0,"",") ") &TRANSPOSE(_xlfn._xlws.FILTER(Chronologie[Gegner],Chronologie[Datum]=B8,"")) &IF(COUNTIF(Chronologie[Datum],B8)=0,""," [") &TRANSPOSE(_xlfn._xlws.FILTER(Chronologie[H/A],Chronologie[Datum]=B8,"")) &IF(COUNTIF(Chronologie[Datum],B8)=0,"","]") &CHAR(10) &TRANSPOSE(_xlfn._xlws.FILTER(Chronologie[Startzeit],Chronologie[Datum]=B8,""))} -> (E-L-1) TSV 90 Zwickau II [H] 13:00 Uhr | H8: =A8 -> 37
B9: =B7+7 -> 45914 | C9: {=IF(COUNTIF(Chronologie[Datum],B9)=0,"","(") &TRANSPOSE(_xlfn._xlws.FILTER(Chronologie[ID],Chronologie[Datum]=B9,"")) &IF(COUNTIF(Chronologie[Datum],B9)=0,"",") ") &TRANSPOSE(_xlfn._xlws.FILTER(Chronologie[Gegner],Chronologie[Datum]=B9,"")) &IF(COUNTIF(Chronologie[Datum],B9)=0,""," [") &TRANSPOSE(_xlfn._xlws.FILTER(Chronologie[H/A],Chronologie[Datum]=B9,"")) &IF(COUNTIF(Chronologie[Datum],B9)=0,"","]") &CHAR(10) &TRANSPOSE(_xlfn._xlws.FILTER(Chronologie[Startzeit],Chronologie[Datum]=B9,""))} -> (Z-L-1) ESV Zschorlau [A] 09:00 Uhr | D9: (U14-L-1) Hirschfelder SV [H] 09:00 Uhr
A10: =WEEKNUM(B10) -> 38 | B10: =B8+7 -> 45920 | C10: {=IF(COUNTIF(Chronologie[Datum],B10)=0,"","(") &TRANSPOSE(_xlfn._xlws.FILTER(Chronologie[ID],Chronologie[Datum]=B10,"")) &IF(COUNTIF(Chronologie[Datum],B10)=0,"",") ") &TRANSPOSE(_xlfn._xlws.FILTER(Chronologie[Gegner],Chronologie[Datum]=B10,"")) &IF(COUNTIF(Chronologie[Datum],B10)=0,""," [") &TRANSPOSE(_xlfn._xlws.FILTER(Chronologie[H/A],Chronologie[Datum]=B10,"")) &IF(COUNTIF(Chronologie[Datum],B10)=0,"","]") &CHAR(10) &TRANSPOSE(_xlfn._xlws.FILTER(Chronologie[Startzeit],Chronologie[Datum]=B10,""))} -> (E-L-2) SpG Großschirma/Brand-Erbisdorf [A] 13:00 Uhr | D10: (U19-L-3) Hirschfelder SV [H] 13:00 Uhr | H10: =A10 -> 38
B11: =B9+7 -> 45921 | C11: {=IF(COUNTIF(Chronologie[Datum],B11)=0,"","(") &TRANSPOSE(_xlfn._xlws.FILTER(Chronologie[ID],Chronologie[Datum]=B11,"")) &IF(COUNTIF(Chronologie[Datum],B11)=0,"",") ") &TRANSPOSE(_xlfn._xlws.FILTER(Chronologie[Gegner],Chronologie[Datum]=B11,"")) &IF(COUNTIF(Chronologie[Datum],B11)=0,""," [") &TRANSPOSE(_xlfn._xlws.FILTER(Chronologie[H/A],Chronologie[Datum]=B11,"")) &IF(COUNTIF(Chronologie[Datum],B11)=0,"","]") &CHAR(10) &TRANSPOSE(_xlfn._xlws.FILTER(Chronologie[Startzeit],Chronologie[Datum]=B11,""))} -> (F-L-1) Dresdner SV II [A] 09:15 Uhr | D11: (U14-L-2) SV Siltronic Freiberg [A] 12:20 Uhr
A12: =WEEKNUM(B12) -> 39 | B12: =B10+7 -> 45927 | C12: {=IF(COUNTIF(Chronologie[Datum],B12)=0,"","(") &TRANSPOSE(_xlfn._xlws.FILTER(Chronologie[ID],Chronologie[Datum]=B12,"")) &IF(COUNTIF(Chronologie[Datum],B12)=0,"",") ") &TRANSPOSE(_xlfn._xlws.FILTER(Chronologie[Gegner],Chronologie[Datum]=B12,"")) &IF(COUNTIF(Chronologie[Datum],B12)=0,""," [") &TRANSPOSE(_xlfn._xlws.FILTER(Chronologie[H/A],Chronologie[Datum]=B12,"")) &IF(COUNTIF(Chronologie[Datum],B12)=0,"","]") &CHAR(10) &TRANSPOSE(_xlfn._xlws.FILTER(Chronologie[Startzeit],Chronologie[Datum]=B12,""))} -> (E-L-3) SG Grün-Weiß Mehltheuer II [H] 14:00 Uhr | D12: (U14-L-3) TKV Flöha/Plaue [A] 09:00 Uhr | H12: =A12 -> 39
B13: =B11+7 -> 45928 | C13: {=IF(COUNTIF(Chronologie[Datum],B13)=0,"","(") &TRANSPOSE(_xlfn._xlws.FILTER(Chronologie[ID],Chronologie[Datum]=B13,"")) &IF(COUNTIF(Chronologie[Datum],B13)=0,"",") ") &TRANSPOSE(_xlfn._xlws.FILTER(Chronologie[Gegner],Chronologie[Datum]=B13,"")) &IF(COUNTIF(Chronologie[Datum],B13)=0,""," [") &TRANSPOSE(_xlfn._xlws.FILTER(Chronologie[H/A],Chronologie[Datum]=B13,"")) &IF(COUNTIF(Chronologie[Datum],B13)=0,"","]") &CHAR(10) &TRANSPOSE(_xlfn._xlws.FILTER(Chronologie[Startzeit],Chronologie[Datum]=B13,""))} -> (F-L-2) Thonberger SC 1931 [H] 09:00 Uhr
A14: =WEEKNUM(B14) -> 40 | B14: =B12+7 -> 45934 | C14: {=IF(COUNTIF(Chronologie[Datum],B14)=0,"","(") &TRANSPOSE(_xlfn._xlws.FILTER(Chronologie[ID],Chronologie[Datum]=B14,"")) &IF(COUNTIF(Chronologie[Datum],B14)=0,"",") ") &TRANSPOSE(_xlfn._xlws.FILTER(Chronologie[Gegner],Chronologie[Datum]=B14,"")) &IF(COUNTIF(Chronologie[Datum],B14)=0,""," [") &TRANSPOSE(_xlfn._xlws.FILTER(Chronologie[H/A],Chronologie[Datum]=B14,"")) &IF(COUNTIF(Chronologie[Datum],B14)=0,"","]") &CHAR(10) &TRANSPOSE(_xlfn._xlws.FILTER(Chronologie[Startzeit],Chronologie[Datum]=B14,""))} | H14: =A14 -> 40
B15: =B13+7 -> 45935 | C15: {=IF(COUNTIF(Chronologie[Datum],B15)=0,"","(") &TRANSPOSE(_xlfn._xlws.FILTER(Chronologie[ID],Chronologie[Datum]=B15,"")) &IF(COUNTIF(Chronologie[Datum],B15)=0,"",") ") &TRANSPOSE(_xlfn._xlws.FILTER(Chronologie[Gegner],Chronologie[Datum]=B15,"")) &IF(COUNTIF(Chronologie[Datum],B15)=0,""," [") &TRANSPOSE(_xlfn._xlws.FILTER(Chronologie[H/A],Chronologie[Datum]=B15,"")) &IF(COUNTIF(Chronologie[Datum],B15)=0,"","]") &CHAR(10) &TRANSPOSE(_xlfn._xlws.FILTER(Chronologie[Startzeit],Chronologie[Datum]=B15,""))}
A16: =WEEKNUM(B16) -> 41 | B16: =B14+7 -> 45941 | C16: {=IF(COUNTIF(Chronologie[Datum],B16)=0,"","(") &TRANSPOSE(_xlfn._xlws.FILTER(Chronologie[ID],Chronologie[Datum]=B16,"")) &IF(COUNTIF(Chronologie[Datum],B16)=0,"",") ") &TRANSPOSE(_xlfn._xlws.FILTER(Chronologie[Gegner],Chronologie[Datum]=B16,"")) &IF(COUNTIF(Chronologie[Datum],B16)=0,""," [") &TRANSPOSE(_xlfn._xlws.FILTER(Chronologie[H/A],Chronologie[Datum]=B16,"")) &IF(COUNTIF(Chronologie[Datum],B16)=0,"","]") &CHAR(10) &TRANSPOSE(_xlfn._xlws.FILTER(Chronologie[Startzeit],Chronologie[Datum]=B16,""))} | H16: =A16 -> 41
B17: =B15+7 -> 45942 | C17: {=IF(COUNTIF(Chronologie[Datum],B17)=0,"","(") &TRANSPOSE(_xlfn._xlws.FILTER(Chronologie[ID],Chronologie[Datum]=B17,"")) &IF(COUNTIF(Chronologie[Datum],B17)=0,"",") ") &TRANSPOSE(_xlfn._xlws.FILTER(Chronologie[Gegner],Chronologie[Datum]=B17,"")) &IF(COUNTIF(Chronologie[Datum],B17)=0,""," [") &TRANSPOSE(_xlfn._xlws.FILTER(Chronologie[H/A],Chronologie[Datum]=B17,"")) &IF(COUNTIF(Chronologie[Datum],B17)=0,"","]") &CHAR(10) &TRANSPOSE(_xlfn._xlws.FILTER(Chronologie[Startzeit],Chronologie[Datum]=B17,""))} -> (Z-L-2) SG Motor Thurm [H] 09:00 Uhr
A18: =WEEKNUM(B18) -> 42 | B18: =B16+7 -> 45948 | C18: {=IF(COUNTIF(Chronologie[Datum],B18)=0,"","(") &TRANSPOSE(_xlfn._xlws.FILTER(Chronologie[ID],Chronologie[Datum]=B18,"")) &IF(COUNTIF(Chronologie[Datum],B18)=0,"",") ") &TRANSPOSE(_xlfn._xlws.FILTER(Chronologie[Gegner],Chronologie[Datum]=B18,"")) &IF(COUNTIF(Chronologie[Datum],B18)=0,""," [") &TRANSPOSE(_xlfn._xlws.FILTER(Chronologie[H/A],Chronologie[Datum]=B18,"")) &IF(COUNTIF(Chronologie[Datum],B18)=0,"","]") &CHAR(10) &TRANSPOSE(_xlfn._xlws.FILTER(Chronologie[Startzeit],Chronologie[Datum]=B18,""))} -> (E-L-4) VfB Lengenfeld [H] 13:00 Uhr | H18: =A18 -> 42
B19: =B17+7 -> 45949 | C19: {=IF(COUNTIF(Chronologie[Datum],B19)=0,"","(") &TRANSPOSE(_xlfn._xlws.FILTER(Chronologie[ID],Chronologie[Datum]=B19,"")) &IF(COUNTIF(Chronologie[Datum],B19)=0,"",") ") &TRANSPOSE(_xlfn._xlws.FILTER(Chronologie[Gegner],Chronologie[Datum]=B19,"")) &IF(COUNTIF(Chronologie[Datum],B19)=0,""," [") &TRANSPOSE(_xlfn._xlws.FILTER(Chronologie[H/A],Chronologie[Datum]=B19,"")) &IF(COUNTIF(Chronologie[Datum],B19)=0,"","]") &CHAR(10) &TRANSPOSE(_xlfn._xlws.FILTER(Chronologie[Startzeit],Chronologie[Datum]=B19,""))} -> (Z-L-3) SKV 9-Pins Stollberg III [A] 09:00 Uhr | D19: (D-L-2) TSV 1848 Flöha [H] 09:00 Uhr
A20: =WEEKNUM(B20) -> 43 | B20: =B18+7 -> 45955 | C20: {=IF(COUNTIF(Chronologie[Datum],B20)=0,"","(") &TRANSPOSE(_xlfn._xlws.FILTER(Chronologie[ID],Chronologie[Datum]=B20,"")) &IF(COUNTIF(Chronologie[Datum],B20)=0,"",") ") &TRANSPOSE(_xlfn._xlws.FILTER(Chronologie[Gegner],Chronologie[Datum]=B20,"")) &IF(COUNTIF(Chronologie[Datum],B20)=0,""," [") &TRANSPOSE(_xlfn._xlws.FILTER(Chronologie[H/A],Chronologie[Datum]=B20,"")) &IF(COUNTIF(Chronologie[Datum],B20)=0,"","]") &CHAR(10) &TRANSPOSE(_xlfn._xlws.FILTER(Chronologie[Startzeit],Chronologie[Datum]=B20,""))} -> (E-L-5) SV Schönberg [A] 13:00 Uhr | H20: =A20 -> 43
B21: =B19+7 -> 45956 | C21: {=IF(COUNTIF(Chronologie[Datum],B21)=0,"","(") &TRANSPOSE(_xlfn._xlws.FILTER(Chronologie[ID],Chronologie[Datum]=B21,"")) &IF(COUNTIF(Chronologie[Datum],B21)=0,"",") ") &TRANSPOSE(_xlfn._xlws.FILTER(Chronologie[Gegner],Chronologie[Datum]=B21,"")) &IF(COUNTIF(Chronologie[Datum],B21)=0,""," [") &TRANSPOSE(_xlfn._xlws.FILTER(Chronologie[H/A],Chronologie[Datum]=B21,"")) &IF(COUNTIF(Chronologie[Datum],B21)=0,"","]") &CHAR(10) &TRANSPOSE(_xlfn._xlws.FILTER(Chronologie[Startzeit],Chronologie[Datum]=B21,""))} -> (F-L-3) KSV Dresden-Leuben [A] 09:00 Uhr | D21: (Z-L-4) KC "Gut Holz" Drebach [H] 09:00 Uhr
A22: =WEEKNUM(B22) -> 44 | B22: =B20+7 -> 45962 | C22: {=IF(COUNTIF(Chronologie[Datum],B22)=0,"","(") &TRANSPOSE(_xlfn._xlws.FILTER(Chronologie[ID],Chronologie[Datum]=B22,"")) &IF(COUNTIF(Chronologie[Datum],B22)=0,"",") ") &TRANSPOSE(_xlfn._xlws.FILTER(Chronologie[Gegner],Chronologie[Datum]=B22,"")) &IF(COUNTIF(Chronologie[Datum],B22)=0,""," [") &TRANSPOSE(_xlfn._xlws.FILTER(Chronologie[H/A],Chronologie[Datum]=B22,"")) &IF(COUNTIF(Chronologie[Datum],B22)=0,"","]") &CHAR(10) &TRANSPOSE(_xlfn._xlws.FILTER(Chronologie[Startzeit],Chronologie[Datum]=B22,""))} -> (U19-L-5) SKV 9-Pins Stollberg [A] 13:00 Uhr | D22: (D-L-3) SV Grün-Weiß Niederwiesa [A] 11:00 Uhr | E22: (E-DKBC-Pokal-2) TuS Gerolsheim [H] 13:00 Uhr | H22: =A22 -> 44
B23: =B21+7 -> 45963 | C23: {=IF(COUNTIF(Chronologie[Datum],B23)=0,"","(") &TRANSPOSE(_xlfn._xlws.FILTER(Chronologie[ID],Chronologie[Datum]=B23,"")) &IF(COUNTIF(Chronologie[Datum],B23)=0,"",") ") &TRANSPOSE(_xlfn._xlws.FILTER(Chronologie[Gegner],Chronologie[Datum]=B23,"")) &IF(COUNTIF(Chronologie[Datum],B23)=0,""," [") &TRANSPOSE(_xlfn._xlws.FILTER(Chronologie[H/A],Chronologie[Datum]=B23,"")) &IF(COUNTIF(Chronologie[Datum],B23)=0,"","]") &CHAR(10) &TRANSPOSE(_xlfn._xlws.FILTER(Chronologie[Startzeit],Chronologie[Datum]=B23,""))}
A24: =WEEKNUM(B24) -> 45 | B24: =B22+7 -> 45969 | C24: {=IF(COUNTIF(Chronologie[Datum],B24)=0,"","(") &TRANSPOSE(_xlfn._xlws.FILTER(Chronologie[ID],Chronologie[Datum]=B24,"")) &IF(COUNTIF(Chronologie[Datum],B24)=0,"",") ") &TRANSPOSE(_xlfn._xlws.FILTER(Chronologie[Gegner],Chronologie[Datum]=B24,"")) &IF(COUNTIF(Chronologie[Datum],B24)=0,""," [") &TRANSPOSE(_xlfn._xlws.FILTER(Chronologie[H/A],Chronologie[Datum]=B24,"")) &IF(COUNTIF(Chronologie[Datum],B24)=0,"","]") &CHAR(10) &TRANSPOSE(_xlfn._xlws.FILTER(Chronologie[Startzeit],Chronologie[Datum]=B24,""))} -> (E-L-6) KSV Blau-Gelb Taucha II [H] 13:00 Uhr | D24: (U14-L-4) SV Krummenhennersdorf [A] 12:20 Uhr | H24: =A24 -> 45
B25: =B23+7 -> 45970 | C25: {=IF(COUNTIF(Chronologie[Datum],B25)=0,"","(") &TRANSPOSE(_xlfn._xlws.FILTER(Chronologie[ID],Chronologie[Datum]=B25,"")) &IF(COUNTIF(Chronologie[Datum],B25)=0,"",") ") &TRANSPOSE(_xlfn._xlws.FILTER(Chronologie[Gegner],Chronologie[Datum]=B25,"")) &IF(COUNTIF(Chronologie[Datum],B25)=0,""," [") &TRANSPOSE(_xlfn._xlws.FILTER(Chronologie[H/A],Chronologie[Datum]=B25,"")) &IF(COUNTIF(Chronologie[Datum],B25)=0,"","]") &CHAR(10) &TRANSPOSE(_xlfn._xlws.FILTER(Chronologie[Startzeit],Chronologie[Datum]=B25,""))} -> (F-L-4) KSV 66 Steinitz [H] 09:00 Uhr | D25: (Z-L-5) TSV Geyer [A] 09:00 Uhr | E25: (U19-RLT-1) Hirschfelder SV [H]
A26: =WEEKNUM(B26) -> 46 | B26: =B24+7 -> 45976 | C26: {=IF(COUNTIF(Chronologie[Datum],B26)=0,"","(") &TRANSPOSE(_xlfn._xlws.FILTER(Chronologie[ID],Chronologie[Datum]=B26,"")) &IF(COUNTIF(Chronologie[Datum],B26)=0,"",") ") &TRANSPOSE(_xlfn._xlws.FILTER(Chronologie[Gegner],Chronologie[Datum]=B26,"")) &IF(COUNTIF(Chronologie[Datum],B26)=0,""," [") &TRANSPOSE(_xlfn._xlws.FILTER(Chronologie[H/A],Chronologie[Datum]=B26,"")) &IF(COUNTIF(Chronologie[Datum],B26)=0,"","]") &CHAR(10) &TRANSPOSE(_xlfn._xlws.FILTER(Chronologie[Startzeit],Chronologie[Datum]=B26,""))} -> (E-L-7) SG Hohentanne [H] 13:00 Uhr | D26: (D-L-4) SV Krummenhennersdorf [A] 11:00 Uhr | H26: =A26 -> 46
B27: =B25+7 -> 45977 | C27: {=IF(COUNTIF(Chronologie[Datum],B27)=0,"","(") &TRANSPOSE(_xlfn._xlws.FILTER(Chronologie[ID],Chronologie[Datum]=B27,"")) &IF(COUNTIF(Chronologie[Datum],B27)=0,"",") ") &TRANSPOSE(_xlfn._xlws.FILTER(Chronologie[Gegner],Chronologie[Datum]=B27,"")) &IF(COUNTIF(Chronologie[Datum],B27)=0,""," [") &TRANSPOSE(_xlfn._xlws.FILTER(Chronologie[H/A],Chronologie[Datum]=B27,"")) &IF(COUNTIF(Chronologie[Datum],B27)=0,"","]") &CHAR(10) &TRANSPOSE(_xlfn._xlws.FILTER(Chronologie[Startzeit],Chronologie[Datum]=B27,""))} -> (F-L-5) KSC Stahl Rietschen [A] 11:00 Uhr | D27: (Z-L-6) KSV Grün-Weiß Leubsdorf [H] 11:00 Uhr
A28: =WEEKNUM(B28) -> 47 | B28: =B26+7 -> 45983 | C28: {=IF(COUNTIF(Chronologie[Datum],B28)=0,"","(") &TRANSPOSE(_xlfn._xlws.FILTER(Chronologie[ID],Chronologie[Datum]=B28,"")) &IF(COUNTIF(Chronologie[Datum],B28)=0,"",") ") &TRANSPOSE(_xlfn._xlws.FILTER(Chronologie[Gegner],Chronologie[Datum]=B28,"")) &IF(COUNTIF(Chronologie[Datum],B28)=0,""," [") &TRANSPOSE(_xlfn._xlws.FILTER(Chronologie[H/A],Chronologie[Datum]=B28,"")) &IF(COUNTIF(Chronologie[Datum],B28)=0,"","]") &CHAR(10) &TRANSPOSE(_xlfn._xlws.FILTER(Chronologie[Startzeit],Chronologie[Datum]=B28,""))} -> (U19-L-6) SKV 9-Pins Stollberg [A] 13:00 Uhr | D28: (U14-BEL-1) VfB Lengenfeld [A] | E28: (E-P-1) SV Dölzig [A] | H28: =A28 -> 47
B29: =B27+7 -> 45984 | C29: {=IF(COUNTIF(Chronologie[Datum],B29)=0,"","(") &TRANSPOSE(_xlfn._xlws.FILTER(Chronologie[ID],Chronologie[Datum]=B29,"")) &IF(COUNTIF(Chronologie[Datum],B29)=0,"",") ") &TRANSPOSE(_xlfn._xlws.FILTER(Chronologie[Gegner],Chronologie[Datum]=B29,"")) &IF(COUNTIF(Chronologie[Datum],B29)=0,""," [") &TRANSPOSE(_xlfn._xlws.FILTER(Chronologie[H/A],Chronologie[Datum]=B29,"")) &IF(COUNTIF(Chronologie[Datum],B29)=0,"","]") &CHAR(10) &TRANSPOSE(_xlfn._xlws.FILTER(Chronologie[Startzeit],Chronologie[Datum]=B29,""))}
A30: =WEEKNUM(B30) -> 48 | B30: =B28+7 -> 45990 | C30: {=IF(COUNTIF(Chronologie[Datum],B30)=0,"","(") &TRANSPOSE(_xlfn._xlws.FILTER(Chronologie[ID],Chronologie[Datum]=B30,"")) &IF(COUNTIF(Chronologie[Datum],B30)=0,"",") ") &TRANSPOSE(_xlfn._xlws.FILTER(Chronologie[Gegner],Chronologie[Datum]=B30,"")) &IF(COUNTIF(Chronologie[Datum],B30)=0,""," [") &TRANSPOSE(_xlfn._xlws.FILTER(Chronologie[H/A],Chronologie[Datum]=B30,"")) &IF(COUNTIF(Chronologie[Datum],B30)=0,"","]") &CHAR(10) &TRANSPOSE(_xlfn._xlws.FILTER(Chronologie[Startzeit],Chronologie[Datum]=B30,""))} -> (E-L-8) SKV 9-Pins Stollberg II [H] 13:00 Uhr
B31: =B29+7 -> 45991 | C31: {=IF(COUNTIF(Chronologie[Datum],B31)=0,"","(") &TRANSPOSE(_xlfn._xlws.FILTER(Chronologie[ID],Chronologie[Datum]=B31,"")) &IF(COUNTIF(Chronologie[Datum],B31)=0,"",") ") &TRANSPOSE(_xlfn._xlws.FILTER(Chronologie[Gegner],Chronologie[Datum]=B31,"")) &IF(COUNTIF(Chronologie[Datum],B31)=0,""," [") &TRANSPOSE(_xlfn._xlws.FILTER(Chronologie[H/A],Chronologie[Datum]=B31,"")) &IF(COUNTIF(Chronologie[Datum],B31)=0,"","]") &CHAR(10) &TRANSPOSE(_xlfn._xlws.FILTER(Chronologie[Startzeit],Chronologie[Datum]=B31,""))} -> (F-L-6) ISG Hagenwerder [A] 09:15 Uhr | D31: (D-L-5) BKC 52 [H] 09:00 Uhr | E31: (U14-L-5) SV Rotation Weißenborn [A] 10:40 Uhr | F31: (U19-RLT-2) TSV Fortschritt Mittweida [A]
A32: =WEEKNUM(B32) -> 49 | B32: =B30+7 -> 45997 | C32: {=IF(COUNTIF(Chronologie[Datum],B32)=0,"","(") &TRANSPOSE(_xlfn._xlws.FILTER(Chronologie[ID],Chronologie[Datum]=B32,"")) &IF(COUNTIF(Chronologie[Datum],B32)=0,"",") ") &TRANSPOSE(_xlfn._xlws.FILTER(Chronologie[Gegner],Chronologie[Datum]=B32,"")) &IF(COUNTIF(Chronologie[Datum],B32)=0,""," [") &TRANSPOSE(_xlfn._xlws.FILTER(Chronologie[H/A],Chronologie[Datum]=B32,"")) &IF(COUNTIF(Chronologie[Datum],B32)=0,"","]") &CHAR(10) &TRANSPOSE(_xlfn._xlws.FILTER(Chronologie[Startzeit],Chronologie[Datum]=B32,""))} -> (U19-L-7) Hirschfelder SV [H] 13:00 Uhr | D32: (E-DKBC-Pokal-3) Lok Köthen [A] 13:30 Uhr
B33: =B31+7 -> 45998 | C33: {=IF(COUNTIF(Chronologie[Datum],B33)=0,"","(") &TRANSPOSE(_xlfn._xlws.FILTER(Chronologie[ID],Chronologie[Datum]=B33,"")) &IF(COUNTIF(Chronologie[Datum],B33)=0,"",") ") &TRANSPOSE(_xlfn._xlws.FILTER(Chronologie[Gegner],Chronologie[Datum]=B33,"")) &IF(COUNTIF(Chronologie[Datum],B33)=0,""," [") &TRANSPOSE(_xlfn._xlws.FILTER(Chronologie[H/A],Chronologie[Datum]=B33,"")) &IF(COUNTIF(Chronologie[Datum],B33)=0,"","]") &CHAR(10) &TRANSPOSE(_xlfn._xlws.FILTER(Chronologie[Startzeit],Chronologie[Datum]=B33,""))} -> (Z-L-7) KSV Hainichen 92 [A] 09:00 Uhr
A34: =WEEKNUM(B34) -> 50 | B34: =B32+7 -> 46004 | C34: {=IF(COUNTIF(Chronologie[Datum],B34)=0,"","(") &TRANSPOSE(_xlfn._xlws.FILTER(Chronologie[ID],Chronologie[Datum]=B34,"")) &IF(COUNTIF(Chronologie[Datum],B34)=0,"",") ") &TRANSPOSE(_xlfn._xlws.FILTER(Chronologie[Gegner],Chronologie[Datum]=B34,"")) &IF(COUNTIF(Chronologie[Datum],B34)=0,""," [") &TRANSPOSE(_xlfn._xlws.FILTER(Chronologie[H/A],Chronologie[Datum]=B34,"")) &IF(COUNTIF(Chronologie[Datum],B34)=0,"","]") &CHAR(10) &TRANSPOSE(_xlfn._xlws.FILTER(Chronologie[Startzeit],Chronologie[Datum]=B34,""))} -> (E-L-9) SV Rot-Weiß Treuen [A] 13:00 Uhr
B35: =B33+7 -> 46005 | C35: {=IF(COUNTIF(Chronologie[Datum],B35)=0,"","(") &TRANSPOSE(_xlfn._xlws.FILTER(Chronologie[ID],Chronologie[Datum]=B35,"")) &IF(COUNTIF(Chronologie[Datum],B35)=0,"",") ") &TRANSPOSE(_xlfn._xlws.FILTER(Chronologie[Gegner],Chronologie[Datum]=B35,"")) &IF(COUNTIF(Chronologie[Datum],B35)=0,""," [") &TRANSPOSE(_xlfn._xlws.FILTER(Chronologie[H/A],Chronologie[Datum]=B35,"")) &IF(COUNTIF(Chronologie[Datum],B35)=0,"","]") &CHAR(10) &TRANSPOSE(_xlfn._xlws.FILTER(Chronologie[Startzeit],Chronologie[Datum]=B35,""))} -> (Z-L-8) ESV Zschorlau [H] 09:00 Uhr
A36: =WEEKNUM(B36) -> 51 | B36: =B34+7 -> 46011 | C36: {=IF(COUNTIF(Chronologie[Datum],B36)=0,"","(") &TRANSPOSE(_xlfn._xlws.FILTER(Chronologie[ID],Chronologie[Datum]=B36,"")) &IF(COUNTIF(Chronologie[Datum],B36)=0,"",") ") &TRANSPOSE(_xlfn._xlws.FILTER(Chronologie[Gegner],Chronologie[Datum]=B36,"")) &IF(COUNTIF(Chronologie[Datum],B36)=0,""," [") &TRANSPOSE(_xlfn._xlws.FILTER(Chronologie[H/A],Chronologie[Datum]=B36,"")) &IF(COUNTIF(Chronologie[Datum],B36)=0,"","]") &CHAR(10) &TRANSPOSE(_xlfn._xlws.FILTER(Chronologie[Startzeit],Chronologie[Datum]=B36,""))} | H36: =A36 -> 51
B37: =B35+7 -> 46012 | C37: {=IF(COUNTIF(Chronologie[Datum],B37)=0,"","(") &TRANSPOSE(_xlfn._xlws.FILTER(Chronologie[ID],Chronologie[Datum]=B37,"")) &IF(COUNTIF(Chronologie[Datum],B37)=0,"",") ") &TRANSPOSE(_xlfn._xlws.FILTER(Chronologie[Gegner],Chronologie[Datum]=B37,"")) &IF(COUNTIF(Chronologie[Datum],B37)=0,""," [") &TRANSPOSE(_xlfn._xlws.FILTER(Chronologie[H/A],Chronologie[Datum]=B37,"")) &IF(COUNTIF(Chronologie[Datum],B37)=0,"","]") &CHAR(10) &TRANSPOSE(_xlfn._xlws.FILTER(Chronologie[Startzeit],Chronologie[Datum]=B37,""))}
A38: Winterpause + Weihnachten
A40: =WEEKNUM(B40) -> 2 | B40: 46032 | C40: {=IF(COUNTIF(Chronologie[Datum],B40)=0,"","(") &TRANSPOSE(_xlfn._xlws.FILTER(Chronologie[ID],Chronologie[Datum]=B40,"")) &IF(COUNTIF(Chronologie[Datum],B40)=0,"",") ") &TRANSPOSE(_xlfn._xlws.FILTER(Chronologie[Gegner],Chronologie[Datum]=B40,"")) &IF(COUNTIF(Chronologie[Datum],B40)=0,""," [") &TRANSPOSE(_xlfn._xlws.FILTER(Chronologie[H/A],Chronologie[Datum]=B40,"")) &IF(COUNTIF(Chronologie[Datum],B40)=0,"","]") &CHAR(10) &TRANSPOSE(_xlfn._xlws.FILTER(Chronologie[Startzeit],Chronologie[Datum]=B40,""))} -> (U19-L-8) MSV Bautzen 04 [A] 13:00 Uhr | D40: (U23-KEM-V) TuS 1875 Großschirma [A] | E40: (Ü60-KEM-V) KSV Grün-Weiß Leubsdorf [A] | F40: (Ü50-KEM-V) TuS 1875 Großschirma [A] | G40: (M-KEM-V) SV Linda [A] | H40: =A40 -> 2
B41: 46033 | C41: {=IF(COUNTIF(Chronologie[Datum],B41)=0,"","(") &TRANSPOSE(_xlfn._xlws.FILTER(Chronologie[ID],Chronologie[Datum]=B41,"")) &IF(COUNTIF(Chronologie[Datum],B41)=0,"",") ") &TRANSPOSE(_xlfn._xlws.FILTER(Chronologie[Gegner],Chronologie[Datum]=B41,"")) &IF(COUNTIF(Chronologie[Datum],B41)=0,""," [") &TRANSPOSE(_xlfn._xlws.FILTER(Chronologie[H/A],Chronologie[Datum]=B41,"")) &IF(COUNTIF(Chronologie[Datum],B41)=0,"","]") &CHAR(10) &TRANSPOSE(_xlfn._xlws.FILTER(Chronologie[Startzeit],Chronologie[Datum]=B41,""))}
A42: =WEEKNUM(B42) -> 3 | B42: =B40+7 -> 46039 | C42: {=IF(COUNTIF(Chronologie[Datum],B42)=0,"","(") &TRANSPOSE(_xlfn._xlws.FILTER(Chronologie[ID],Chronologie[Datum]=B42,"")) &IF(COUNTIF(Chronologie[Datum],B42)=0,"",") ") &TRANSPOSE(_xlfn._xlws.FILTER(Chronologie[Gegner],Chronologie[Datum]=B42,"")) &IF(COUNTIF(Chronologie[Datum],B42)=0,""," [") &TRANSPOSE(_xlfn._xlws.FILTER(Chronologie[H/A],Chronologie[Datum]=B42,"")) &IF(COUNTIF(Chronologie[Datum],B42)=0,"","]") &CHAR(10) &TRANSPOSE(_xlfn._xlws.FILTER(Chronologie[Startzeit],Chronologie[Datum]=B42,""))} -> (E-L-10) TSV 90 Zwickau II [A] 13:30 Uhr | D42: (U19-L-9) MSV Bautzen 04 [A] 13:00 Uhr | E42: (D-L-7) TSV 1848 Flöha [A] 09:00 Uhr | F42: (U14-BEL-2) KSV Pockau-Lengefeld [A] | H42: =A42 -> 3
B43: =B41+7 -> 46040 | C43: {=IF(COUNTIF(Chronologie[Datum],B43)=0,"","(") &TRANSPOSE(_xlfn._xlws.FILTER(Chronologie[ID],Chronologie[Datum]=B43,"")) &IF(COUNTIF(Chronologie[Datum],B43)=0,"",") ") &TRANSPOSE(_xlfn._xlws.FILTER(Chronologie[Gegner],Chronologie[Datum]=B43,"")) &IF(COUNTIF(Chronologie[Datum],B43)=0,""," [") &TRANSPOSE(_xlfn._xlws.FILTER(Chronologie[H/A],Chronologie[Datum]=B43,"")) &IF(COUNTIF(Chronologie[Datum],B43)=0,"","]") &CHAR(10) &TRANSPOSE(_xlfn._xlws.FILTER(Chronologie[Startzeit],Chronologie[Datum]=B43,""))} -> (F-L-8) Dresdner SV II [H] 09:00 Uhr | D43: (Z-L-9) SG Motor Thurm [A] 09:00 Uhr
A44: =WEEKNUM(B44) -> 4 | B44: =B42+7 -> 46046 | C44: {=IF(COUNTIF(Chronologie[Datum],B44)=0,"","(") &TRANSPOSE(_xlfn._xlws.FILTER(Chronologie[ID],Chronologie[Datum]=B44,"")) &IF(COUNTIF(Chronologie[Datum],B44)=0,"",") ") &TRANSPOSE(_xlfn._xlws.FILTER(Chronologie[Gegner],Chronologie[Datum]=B44,"")) &IF(COUNTIF(Chronologie[Datum],B44)=0,""," [") &TRANSPOSE(_xlfn._xlws.FILTER(Chronologie[H/A],Chronologie[Datum]=B44,"")) &IF(COUNTIF(Chronologie[Datum],B44)=0,"","]") &CHAR(10) &TRANSPOSE(_xlfn._xlws.FILTER(Chronologie[Startzeit],Chronologie[Datum]=B44,""))} -> (E-L-11) SpG Großschirma/Brand-Erbisdorf [H] 13:00 Uhr | D44: (U14-KEM-E) SV Krummenhennersdorf [A] | E44: (U19-KEM-E) SV Krummenhennersdorf [A] | H44: =A44 -> 4
B45: =B43+7 -> 46047 | C45: {=IF(COUNTIF(Chronologie[Datum],B45)=0,"","(") &TRANSPOSE(_xlfn._xlws.FILTER(Chronologie[ID],Chronologie[Datum]=B45,"")) &IF(COUNTIF(Chronologie[Datum],B45)=0,"",") ") &TRANSPOSE(_xlfn._xlws.FILTER(Chronologie[Gegner],Chronologie[Datum]=B45,"")) &IF(COUNTIF(Chronologie[Datum],B45)=0,""," [") &TRANSPOSE(_xlfn._xlws.FILTER(Chronologie[H/A],Chronologie[Datum]=B45,"")) &IF(COUNTIF(Chronologie[Datum],B45)=0,"","]") &CHAR(10) &TRANSPOSE(_xlfn._xlws.FILTER(Chronologie[Startzeit],Chronologie[Datum]=B45,""))} -> (F-L-9) Thonberger SC 1931 [A] 09:15 Uhr | D45: (Z-L-10) SKV 9-Pins Stollberg III [H] 09:00 Uhr
A46: =WEEKNUM(B46) -> 5 | B46: =B44+7 -> 46053 | C46: {=IF(COUNTIF(Chronologie[Datum],B46)=0,"","(") &TRANSPOSE(_xlfn._xlws.FILTER(Chronologie[ID],Chronologie[Datum]=B46,"")) &IF(COUNTIF(Chronologie[Datum],B46)=0,"",") ") &TRANSPOSE(_xlfn._xlws.FILTER(Chronologie[Gegner],Chronologie[Datum]=B46,"")) &IF(COUNTIF(Chronologie[Datum],B46)=0,""," [") &TRANSPOSE(_xlfn._xlws.FILTER(Chronologie[H/A],Chronologie[Datum]=B46,"")) &IF(COUNTIF(Chronologie[Datum],B46)=0,"","]") &CHAR(10) &TRANSPOSE(_xlfn._xlws.FILTER(Chronologie[Startzeit],Chronologie[Datum]=B46,""))} -> (U19-L-10) Hirschfelder SV [H] 13:00 Uhr | D46: (U23-KEM-E) SV Krummenhennersdorf [A] | E46: (Ü60-KEM-E) SV Krummenhennersdorf [A] | F46: (Ü50-KEM-E) SV Krummenhennersdorf [A] | G46: (M-KEM-E) SV Krummenhennersdorf [A] | H46: =A46 -> 5
B47: =B45+7 -> 46054 | C47: {=IF(COUNTIF(Chronologie[Datum],B47)=0,"","(") &TRANSPOSE(_xlfn._xlws.FILTER(Chronologie[ID],Chronologie[Datum]=B47,"")) &IF(COUNTIF(Chronologie[Datum],B47)=0,"",") ") &TRANSPOSE(_xlfn._xlws.FILTER(Chronologie[Gegner],Chronologie[Datum]=B47,"")) &IF(COUNTIF(Chronologie[Datum],B47)=0,""," [") &TRANSPOSE(_xlfn._xlws.FILTER(Chronologie[H/A],Chronologie[Datum]=B47,"")) &IF(COUNTIF(Chronologie[Datum],B47)=0,"","]") &CHAR(10) &TRANSPOSE(_xlfn._xlws.FILTER(Chronologie[Startzeit],Chronologie[Datum]=B47,""))} -> (U14-L-6) BKC 52 [A] 12:20 Uhr
A48: =WEEKNUM(B48) -> 6 | B48: =B46+7 -> 46060 | C48: {=IF(COUNTIF(Chronologie[Datum],B48)=0,"","(") &TRANSPOSE(_xlfn._xlws.FILTER(Chronologie[ID],Chronologie[Datum]=B48,"")) &IF(COUNTIF(Chronologie[Datum],B48)=0,"",") ") &TRANSPOSE(_xlfn._xlws.FILTER(Chronologie[Gegner],Chronologie[Datum]=B48,"")) &IF(COUNTIF(Chronologie[Datum],B48)=0,""," [") &TRANSPOSE(_xlfn._xlws.FILTER(Chronologie[H/A],Chronologie[Datum]=B48,"")) &IF(COUNTIF(Chronologie[Datum],B48)=0,"","]") &CHAR(10) &TRANSPOSE(_xlfn._xlws.FILTER(Chronologie[Startzeit],Chronologie[Datum]=B48,""))} -> (E-L-12) SG Grün-Weiß Mehltheuer II [A] 13:00 Uhr | H48: =A48 -> 6
B49: =B47+7 -> 46061 | C49: {=IF(COUNTIF(Chronologie[Datum],B49)=0,"","(") &TRANSPOSE(_xlfn._xlws.FILTER(Chronologie[ID],Chronologie[Datum]=B49,"")) &IF(COUNTIF(Chronologie[Datum],B49)=0,"",") ") &TRANSPOSE(_xlfn._xlws.FILTER(Chronologie[Gegner],Chronologie[Datum]=B49,"")) &IF(COUNTIF(Chronologie[Datum],B49)=0,""," [") &TRANSPOSE(_xlfn._xlws.FILTER(Chronologie[H/A],Chronologie[Datum]=B49,"")) &IF(COUNTIF(Chronologie[Datum],B49)=0,"","]") &CHAR(10) &TRANSPOSE(_xlfn._xlws.FILTER(Chronologie[Startzeit],Chronologie[Datum]=B49,""))}
A50: =WEEKNUM(B50) -> 7 | B50: =B48+7 -> 46067 | C50: {=IF(COUNTIF(Chronologie[Datum],B50)=0,"","(") &TRANSPOSE(_xlfn._xlws.FILTER(Chronologie[ID],Chronologie[Datum]=B50,"")) &IF(COUNTIF(Chronologie[Datum],B50)=0,"",") ") &TRANSPOSE(_xlfn._xlws.FILTER(Chronologie[Gegner],Chronologie[Datum]=B50,"")) &IF(COUNTIF(Chronologie[Datum],B50)=0,""," [") &TRANSPOSE(_xlfn._xlws.FILTER(Chronologie[H/A],Chronologie[Datum]=B50,"")) &IF(COUNTIF(Chronologie[Datum],B50)=0,"","]") &CHAR(10) &TRANSPOSE(_xlfn._xlws.FILTER(Chronologie[Startzeit],Chronologie[Datum]=B50,""))} | H50: =A50 -> 7
B51: =B49+7 -> 46068 | C51: {=IF(COUNTIF(Chronologie[Datum],B51)=0,"","(") &TRANSPOSE(_xlfn._xlws.FILTER(Chronologie[ID],Chronologie[Datum]=B51,"")) &IF(COUNTIF(Chronologie[Datum],B51)=0,"",") ") &TRANSPOSE(_xlfn._xlws.FILTER(Chronologie[Gegner],Chronologie[Datum]=B51,"")) &IF(COUNTIF(Chronologie[Datum],B51)=0,""," [") &TRANSPOSE(_xlfn._xlws.FILTER(Chronologie[H/A],Chronologie[Datum]=B51,"")) &IF(COUNTIF(Chronologie[Datum],B51)=0,"","]") &CHAR(10) &TRANSPOSE(_xlfn._xlws.FILTER(Chronologie[Startzeit],Chronologie[Datum]=B51,""))}
A52: =WEEKNUM(B52) -> 8 | B52: =B50+7 -> 46074 | C52: {=IF(COUNTIF(Chronologie[Datum],B52)=0,"","(") &TRANSPOSE(_xlfn._xlws.FILTER(Chronologie[ID],Chronologie[Datum]=B52,"")) &IF(COUNTIF(Chronologie[Datum],B52)=0,"",") ") &TRANSPOSE(_xlfn._xlws.FILTER(Chronologie[Gegner],Chronologie[Datum]=B52,"")) &IF(COUNTIF(Chronologie[Datum],B52)=0,""," [") &TRANSPOSE(_xlfn._xlws.FILTER(Chronologie[H/A],Chronologie[Datum]=B52,"")) &IF(COUNTIF(Chronologie[Datum],B52)=0,"","]") &CHAR(10) &TRANSPOSE(_xlfn._xlws.FILTER(Chronologie[Startzeit],Chronologie[Datum]=B52,""))} -> (E-L-13) VfB Lengenfeld [A] 13:00 Uhr | D52: (U19-L-11) SKV 9-Pins Stollberg [A] 13:00 Uhr | H52: =A52 -> 8
B53: =B51+7 -> 46075 | C53: {=IF(COUNTIF(Chronologie[Datum],B53)=0,"","(") &TRANSPOSE(_xlfn._xlws.FILTER(Chronologie[ID],Chronologie[Datum]=B53,"")) &IF(COUNTIF(Chronologie[Datum],B53)=0,"",") ") &TRANSPOSE(_xlfn._xlws.FILTER(Chronologie[Gegner],Chronologie[Datum]=B53,"")) &IF(COUNTIF(Chronologie[Datum],B53)=0,""," [") &TRANSPOSE(_xlfn._xlws.FILTER(Chronologie[H/A],Chronologie[Datum]=B53,"")) &IF(COUNTIF(Chronologie[Datum],B53)=0,"","]") &CHAR(10) &TRANSPOSE(_xlfn._xlws.FILTER(Chronologie[Startzeit],Chronologie[Datum]=B53,""))} -> (F-L-10) KSV Dresden-Leuben [H] 09:30 Uhr | D53: (Z-L-11) KC "Gut Holz" Drebach [A] 09:00 Uhr
A54: =WEEKNUM(B54) -> 9 | B54: =B52+7 -> 46081 | C54: {=IF(COUNTIF(Chronologie[Datum],B54)=0,"","(") &TRANSPOSE(_xlfn._xlws.FILTER(Chronologie[ID],Chronologie[Datum]=B54,"")) &IF(COUNTIF(Chronologie[Datum],B54)=0,"",") ") &TRANSPOSE(_xlfn._xlws.FILTER(Chronologie[Gegner],Chronologie[Datum]=B54,"")) &IF(COUNTIF(Chronologie[Datum],B54)=0,""," [") &TRANSPOSE(_xlfn._xlws.FILTER(Chronologie[H/A],Chronologie[Datum]=B54,"")) &IF(COUNTIF(Chronologie[Datum],B54)=0,"","]") &CHAR(10) &TRANSPOSE(_xlfn._xlws.FILTER(Chronologie[Startzeit],Chronologie[Datum]=B54,""))} -> (E-L-14) SV Schönberg [H] 13:00 Uhr | H54: =A54 -> 9
B55: =B53+7 -> 46082 | C55: {=IF(COUNTIF(Chronologie[Datum],B55)=0,"","(") &TRANSPOSE(_xlfn._xlws.FILTER(Chronologie[ID],Chronologie[Datum]=B55,"")) &IF(COUNTIF(Chronologie[Datum],B55)=0,"",") ") &TRANSPOSE(_xlfn._xlws.FILTER(Chronologie[Gegner],Chronologie[Datum]=B55,"")) &IF(COUNTIF(Chronologie[Datum],B55)=0,""," [") &TRANSPOSE(_xlfn._xlws.FILTER(Chronologie[H/A],Chronologie[Datum]=B55,"")) &IF(COUNTIF(Chronologie[Datum],B55)=0,"","]") &CHAR(10) &TRANSPOSE(_xlfn._xlws.FILTER(Chronologie[Startzeit],Chronologie[Datum]=B55,""))} -> (F-L-11) KSV 66 Steinitz [A] 09:15 Uhr | D55: (D-L-8) SV Grün-Weiß Niederwiesa [H] 09:00 Uhr
A56: =WEEKNUM(B56) -> 10 | B56: =B54+7 -> 46088 | C56: {=IF(COUNTIF(Chronologie[Datum],B56)=0,"","(") &TRANSPOSE(_xlfn._xlws.FILTER(Chronologie[ID],Chronologie[Datum]=B56,"")) &IF(COUNTIF(Chronologie[Datum],B56)=0,"",") ") &TRANSPOSE(_xlfn._xlws.FILTER(Chronologie[Gegner],Chronologie[Datum]=B56,"")) &IF(COUNTIF(Chronologie[Datum],B56)=0,""," [") &TRANSPOSE(_xlfn._xlws.FILTER(Chronologie[H/A],Chronologie[Datum]=B56,"")) &IF(COUNTIF(Chronologie[Datum],B56)=0,"","]") &CHAR(10) &TRANSPOSE(_xlfn._xlws.FILTER(Chronologie[Startzeit],Chronologie[Datum]=B56,""))} -> (U14-BEL-3) KV Reinsdorf [A] | H56: =A56 -> 10
B57: =B55+7 -> 46089 | C57: {=IF(COUNTIF(Chronologie[Datum],B57)=0,"","(") &TRANSPOSE(_xlfn._xlws.FILTER(Chronologie[ID],Chronologie[Datum]=B57,"")) &IF(COUNTIF(Chronologie[Datum],B57)=0,"",") ") &TRANSPOSE(_xlfn._xlws.FILTER(Chronologie[Gegner],Chronologie[Datum]=B57,"")) &IF(COUNTIF(Chronologie[Datum],B57)=0,""," [") &TRANSPOSE(_xlfn._xlws.FILTER(Chronologie[H/A],Chronologie[Datum]=B57,"")) &IF(COUNTIF(Chronologie[Datum],B57)=0,"","]") &CHAR(10) &TRANSPOSE(_xlfn._xlws.FILTER(Chronologie[Startzeit],Chronologie[Datum]=B57,""))} -> (Z-L-12) TSV Geyer [H] 09:00 Uhr
A58: =WEEKNUM(B58) -> 11 | B58: =B56+7 -> 46095 | C58: {=IF(COUNTIF(Chronologie[Datum],B58)=0,"","(") &TRANSPOSE(_xlfn._xlws.FILTER(Chronologie[ID],Chronologie[Datum]=B58,"")) &IF(COUNTIF(Chronologie[Datum],B58)=0,"",") ") &TRANSPOSE(_xlfn._xlws.FILTER(Chronologie[Gegner],Chronologie[Datum]=B58,"")) &IF(COUNTIF(Chronologie[Datum],B58)=0,""," [") &TRANSPOSE(_xlfn._xlws.FILTER(Chronologie[H/A],Chronologie[Datum]=B58,"")) &IF(COUNTIF(Chronologie[Datum],B58)=0,"","]") &CHAR(10) &TRANSPOSE(_xlfn._xlws.FILTER(Chronologie[Startzeit],Chronologie[Datum]=B58,""))} -> (E-L-15) KSV Blau-Gelb Taucha II [A] 13:00 Uhr | D58: (U19-L-12) KSV Heidenau [A] 13:00 Uhr | H58: =A58 -> 11
B59: =B57+7 -> 46096 | C59: {=IF(COUNTIF(Chronologie[Datum],B59)=0,"","(") &TRANSPOSE(_xlfn._xlws.FILTER(Chronologie[ID],Chronologie[Datum]=B59,"")) &IF(COUNTIF(Chronologie[Datum],B59)=0,"",") ") &TRANSPOSE(_xlfn._xlws.FILTER(Chronologie[Gegner],Chronologie[Datum]=B59,"")) &IF(COUNTIF(Chronologie[Datum],B59)=0,""," [") &TRANSPOSE(_xlfn._xlws.FILTER(Chronologie[H/A],Chronologie[Datum]=B59,"")) &IF(COUNTIF(Chronologie[Datum],B59)=0,"","]") &CHAR(10) &TRANSPOSE(_xlfn._xlws.FILTER(Chronologie[Startzeit],Chronologie[Datum]=B59,""))} -> (F-L-12) KSC Stahl Rietschen [H] 09:00 Uhr
A60: =WEEKNUM(B60) -> 12 | B60: =B58+7 -> 46102 | C60: {=IF(COUNTIF(Chronologie[Datum],B60)=0,"","(") &TRANSPOSE(_xlfn._xlws.FILTER(Chronologie[ID],Chronologie[Datum]=B60,"")) &IF(COUNTIF(Chronologie[Datum],B60)=0,"",") ") &TRANSPOSE(_xlfn._xlws.FILTER(Chronologie[Gegner],Chronologie[Datum]=B60,"")) &IF(COUNTIF(Chronologie[Datum],B60)=0,""," [") &TRANSPOSE(_xlfn._xlws.FILTER(Chronologie[H/A],Chronologie[Datum]=B60,"")) &IF(COUNTIF(Chronologie[Datum],B60)=0,"","]") &CHAR(10) &TRANSPOSE(_xlfn._xlws.FILTER(Chronologie[Startzeit],Chronologie[Datum]=B60,""))} -> (E-L-16) SG Hohentanne [A] 13:00 Uhr | D60: (D-L-9) SV Krummenhennersdorf [H] 11:00 Uhr | H60: =A60 -> 12
B61: =B59+7 -> 46103 | C61: {=IF(COUNTIF(Chronologie[Datum],B61)=0,"","(") &TRANSPOSE(_xlfn._xlws.FILTER(Chronologie[ID],Chronologie[Datum]=B61,"")) &IF(COUNTIF(Chronologie[Datum],B61)=0,"",") ") &TRANSPOSE(_xlfn._xlws.FILTER(Chronologie[Gegner],Chronologie[Datum]=B61,"")) &IF(COUNTIF(Chronologie[Datum],B61)=0,""," [") &TRANSPOSE(_xlfn._xlws.FILTER(Chronologie[H/A],Chronologie[Datum]=B61,"")) &IF(COUNTIF(Chronologie[Datum],B61)=0,"","]") &CHAR(10) &TRANSPOSE(_xlfn._xlws.FILTER(Chronologie[Startzeit],Chronologie[Datum]=B61,""))} -> (F-L-13) ISG Hagenwerder [H] 09:00 Uhr | D61: (Z-L-13) KSV Grün-Weiß Leubsdorf [A] 09:00 Uhr
A62: =WEEKNUM(B62) -> 13 | B62: =B60+7 -> 46109 | C62: {=IF(COUNTIF(Chronologie[Datum],B62)=0,"","(") &TRANSPOSE(_xlfn._xlws.FILTER(Chronologie[ID],Chronologie[Datum]=B62,"")) &IF(COUNTIF(Chronologie[Datum],B62)=0,"",") ") &TRANSPOSE(_xlfn._xlws.FILTER(Chronologie[Gegner],Chronologie[Datum]=B62,"")) &IF(COUNTIF(Chronologie[Datum],B62)=0,""," [") &TRANSPOSE(_xlfn._xlws.FILTER(Chronologie[H/A],Chronologie[Datum]=B62,"")) &IF(COUNTIF(Chronologie[Datum],B62)=0,"","]") &CHAR(10) &TRANSPOSE(_xlfn._xlws.FILTER(Chronologie[Startzeit],Chronologie[Datum]=B62,""))} -> (E-L-17) SKV 9-Pins Stollberg II [A] 13:00 Uhr | D62: (D-L-10) BKC 52 [A] 11:00 Uhr | H62: =A62 -> 13
B63: =B61+7 -> 46110 | C63: {=IF(COUNTIF(Chronologie[Datum],B63)=0,"","(") &TRANSPOSE(_xlfn._xlws.FILTER(Chronologie[ID],Chronologie[Datum]=B63,"")) &IF(COUNTIF(Chronologie[Datum],B63)=0,"",") ") &TRANSPOSE(_xlfn._xlws.FILTER(Chronologie[Gegner],Chronologie[Datum]=B63,"")) &IF(COUNTIF(Chronologie[Datum],B63)=0,""," [") &TRANSPOSE(_xlfn._xlws.FILTER(Chronologie[H/A],Chronologie[Datum]=B63,"")) &IF(COUNTIF(Chronologie[Datum],B63)=0,"","]") &CHAR(10) &TRANSPOSE(_xlfn._xlws.FILTER(Chronologie[Startzeit],Chronologie[Datum]=B63,""))} -> (Z-L-14) KSV Hainichen 92 [H] 09:00 Uhr
A64: =WEEKNUM(B64) -> 14 | B64: =B62+7 -> 46116 | C64: {=IF(COUNTIF(Chronologie[Datum],B64)=0,"","(") &TRANSPOSE(_xlfn._xlws.FILTER(Chronologie[ID],Chronologie[Datum]=B64,"")) &IF(COUNTIF(Chronologie[Datum],B64)=0,"",") ") &TRANSPOSE(_xlfn._xlws.FILTER(Chronologie[Gegner],Chronologie[Datum]=B64,"")) &IF(COUNTIF(Chronologie[Datum],B64)=0,""," [") &TRANSPOSE(_xlfn._xlws.FILTER(Chronologie[H/A],Chronologie[Datum]=B64,"")) &IF(COUNTIF(Chronologie[Datum],B64)=0,"","]") &CHAR(10) &TRANSPOSE(_xlfn._xlws.FILTER(Chronologie[Startzeit],Chronologie[Datum]=B64,""))} | H64: =A64 -> 14
B65: =B63+7 -> 46117 | C65: {=IF(COUNTIF(Chronologie[Datum],B65)=0,"","(") &TRANSPOSE(_xlfn._xlws.FILTER(Chronologie[ID],Chronologie[Datum]=B65,"")) &IF(COUNTIF(Chronologie[Datum],B65)=0,"",") ") &TRANSPOSE(_xlfn._xlws.FILTER(Chronologie[Gegner],Chronologie[Datum]=B65,"")) &IF(COUNTIF(Chronologie[Datum],B65)=0,""," [") &TRANSPOSE(_xlfn._xlws.FILTER(Chronologie[H/A],Chronologie[Datum]=B65,"")) &IF(COUNTIF(Chronologie[Datum],B65)=0,"","]") &CHAR(10) &TRANSPOSE(_xlfn._xlws.FILTER(Chronologie[Startzeit],Chronologie[Datum]=B65,""))}
A66: =WEEKNUM(B66) -> 15 | B66: =B64+7 -> 46123 | C66: {=IF(COUNTIF(Chronologie[Datum],B66)=0,"","(") &TRANSPOSE(_xlfn._xlws.FILTER(Chronologie[ID],Chronologie[Datum]=B66,"")) &IF(COUNTIF(Chronologie[Datum],B66)=0,"",") ") &TRANSPOSE(_xlfn._xlws.FILTER(Chronologie[Gegner],Chronologie[Datum]=B66,"")) &IF(COUNTIF(Chronologie[Datum],B66)=0,""," [") &TRANSPOSE(_xlfn._xlws.FILTER(Chronologie[H/A],Chronologie[Datum]=B66,"")) &IF(COUNTIF(Chronologie[Datum],B66)=0,"","]") &CHAR(10) &TRANSPOSE(_xlfn._xlws.FILTER(Chronologie[Startzeit],Chronologie[Datum]=B66,""))} -> (U14-BEL-4) Hirschfelder SV [H] | H66: =A66 -> 15
B67: =B65+7 -> 46124 | C67: {=IF(COUNTIF(Chronologie[Datum],B67)=0,"","(") &TRANSPOSE(_xlfn._xlws.FILTER(Chronologie[ID],Chronologie[Datum]=B67,"")) &IF(COUNTIF(Chronologie[Datum],B67)=0,"",") ") &TRANSPOSE(_xlfn._xlws.FILTER(Chronologie[Gegner],Chronologie[Datum]=B67,"")) &IF(COUNTIF(Chronologie[Datum],B67)=0,""," [") &TRANSPOSE(_xlfn._xlws.FILTER(Chronologie[H/A],Chronologie[Datum]=B67,"")) &IF(COUNTIF(Chronologie[Datum],B67)=0,"","]") &CHAR(10) &TRANSPOSE(_xlfn._xlws.FILTER(Chronologie[Startzeit],Chronologie[Datum]=B67,""))}
A68: =WEEKNUM(B68) -> 16 | B68: =B66+7 -> 46130 | C68: {=IF(COUNTIF(Chronologie[Datum],B68)=0,"","(") &TRANSPOSE(_xlfn._xlws.FILTER(Chronologie[ID],Chronologie[Datum]=B68,"")) &IF(COUNTIF(Chronologie[Datum],B68)=0,"",") ") &TRANSPOSE(_xlfn._xlws.FILTER(Chronologie[Gegner],Chronologie[Datum]=B68,"")) &IF(COUNTIF(Chronologie[Datum],B68)=0,""," [") &TRANSPOSE(_xlfn._xlws.FILTER(Chronologie[H/A],Chronologie[Datum]=B68,"")) &IF(COUNTIF(Chronologie[Datum],B68)=0,"","]") &CHAR(10) &TRANSPOSE(_xlfn._xlws.FILTER(Chronologie[Startzeit],Chronologie[Datum]=B68,""))} -> (E-L-18) SV Rot-Weiß Treuen [H] 13:00 Uhr | H68: =A68 -> 16
B69: =B67+7 -> 46131 | C69: {=IF(COUNTIF(Chronologie[Datum],B69)=0,"","(") &TRANSPOSE(_xlfn._xlws.FILTER(Chronologie[ID],Chronologie[Datum]=B69,"")) &IF(COUNTIF(Chronologie[Datum],B69)=0,"",") ") &TRANSPOSE(_xlfn._xlws.FILTER(Chronologie[Gegner],Chronologie[Datum]=B69,"")) &IF(COUNTIF(Chronologie[Datum],B69)=0,""," [") &TRANSPOSE(_xlfn._xlws.FILTER(Chronologie[H/A],Chronologie[Datum]=B69,"")) &IF(COUNTIF(Chronologie[Datum],B69)=0,"","]") &CHAR(10) &TRANSPOSE(_xlfn._xlws.FILTER(Chronologie[Startzeit],Chronologie[Datum]=B69,""))}
A70: =WEEKNUM(B70) -> 17 | B70: =B68+7 -> 46137 | C70: {=IF(COUNTIF(Chronologie[Datum],B70)=0,"","(") &TRANSPOSE(_xlfn._xlws.FILTER(Chronologie[ID],Chronologie[Datum]=B70,"")) &IF(COUNTIF(Chronologie[Datum],B70)=0,"",") ") &TRANSPOSE(_xlfn._xlws.FILTER(Chronologie[Gegner],Chronologie[Datum]=B70,"")) &IF(COUNTIF(Chronologie[Datum],B70)=0,""," [") &TRANSPOSE(_xlfn._xlws.FILTER(Chronologie[H/A],Chronologie[Datum]=B70,"")) &IF(COUNTIF(Chronologie[Datum],B70)=0,"","]") &CHAR(10) &TRANSPOSE(_xlfn._xlws.FILTER(Chronologie[Startzeit],Chronologie[Datum]=B70,""))} | H70: =A70 -> 17
B71: =B69+7 -> 46138 | C71: {=IF(COUNTIF(Chronologie[Datum],B71)=0,"","(") &TRANSPOSE(_xlfn._xlws.FILTER(Chronologie[ID],Chronologie[Datum]=B71,"")) &IF(COUNTIF(Chronologie[Datum],B71)=0,"",") ") &TRANSPOSE(_xlfn._xlws.FILTER(Chronologie[Gegner],Chronologie[Datum]=B71,"")) &IF(COUNTIF(Chronologie[Datum],B71)=0,""," [") &TRANSPOSE(_xlfn._xlws.FILTER(Chronologie[H/A],Chronologie[Datum]=B71,"")) &IF(COUNTIF(Chronologie[Datum],B71)=0,"","]") &CHAR(10) &TRANSPOSE(_xlfn._xlws.FILTER(Chronologie[Startzeit],Chronologie[Datum]=B71,""))}
A72: =WEEKNUM(B72) -> 18 | B72: =B70+7 -> 46144 | C72: {=IF(COUNTIF(Chronologie[Datum],B72)=0,"","(") &TRANSPOSE(_xlfn._xlws.FILTER(Chronologie[ID],Chronologie[Datum]=B72,"")) &IF(COUNTIF(Chronologie[Datum],B72)=0,"",") ") &TRANSPOSE(_xlfn._xlws.FILTER(Chronologie[Gegner],Chronologie[Datum]=B72,"")) &IF(COUNTIF(Chronologie[Datum],B72)=0,""," [") &TRANSPOSE(_xlfn._xlws.FILTER(Chronologie[H/A],Chronologie[Datum]=B72,"")) &IF(COUNTIF(Chronologie[Datum],B72)=0,"","]") &CHAR(10) &TRANSPOSE(_xlfn._xlws.FILTER(Chronologie[Startzeit],Chronologie[Datum]=B72,""))} | H72: =A72 -> 18
B73: =B71+7 -> 46145 | C73: {=IF(COUNTIF(Chronologie[Datum],B73)=0,"","(") &TRANSPOSE(_xlfn._xlws.FILTER(Chronologie[ID],Chronologie[Datum]=B73,"")) &IF(COUNTIF(Chronologie[Datum],B73)=0,"",") ") &TRANSPOSE(_xlfn._xlws.FILTER(Chronologie[Gegner],Chronologie[Datum]=B73,"")) &IF(COUNTIF(Chronologie[Datum],B73)=0,""," [") &TRANSPOSE(_xlfn._xlws.FILTER(Chronologie[H/A],Chronologie[Datum]=B73,"")) &IF(COUNTIF(Chronologie[Datum],B73)=0,"","]") &CHAR(10) &TRANSPOSE(_xlfn._xlws.FILTER(Chronologie[Startzeit],Chronologie[Datum]=B73,""))}
A74: =WEEKNUM(B74) -> 19 | B74: =B72+7 -> 46151 | C74: {=IF(COUNTIF(Chronologie[Datum],B74)=0,"","(") &TRANSPOSE(_xlfn._xlws.FILTER(Chronologie[ID],Chronologie[Datum]=B74,"")) &IF(COUNTIF(Chronologie[Datum],B74)=0,"",") ") &TRANSPOSE(_xlfn._xlws.FILTER(Chronologie[Gegner],Chronologie[Datum]=B74,"")) &IF(COUNTIF(Chronologie[Datum],B74)=0,""," [") &TRANSPOSE(_xlfn._xlws.FILTER(Chronologie[H/A],Chronologie[Datum]=B74,"")) &IF(COUNTIF(Chronologie[Datum],B74)=0,"","]") &CHAR(10) &TRANSPOSE(_xlfn._xlws.FILTER(Chronologie[Startzeit],Chronologie[Datum]=B74,""))} | H74: =A74 -> 19
B75: =B73+7 -> 46152 | C75: {=IF(COUNTIF(Chronologie[Datum],B75)=0,"","(") &TRANSPOSE(_xlfn._xlws.FILTER(Chronologie[ID],Chronologie[Datum]=B75,"")) &IF(COUNTIF(Chronologie[Datum],B75)=0,"",") ") &TRANSPOSE(_xlfn._xlws.FILTER(Chronologie[Gegner],Chronologie[Datum]=B75,"")) &IF(COUNTIF(Chronologie[Datum],B75)=0,""," [") &TRANSPOSE(_xlfn._xlws.FILTER(Chronologie[H/A],Chronologie[Datum]=B75,"")) &IF(COUNTIF(Chronologie[Datum],B75)=0,"","]") &CHAR(10) &TRANSPOSE(_xlfn._xlws.FILTER(Chronologie[Startzeit],Chronologie[Datum]=B75,""))}
A76: =WEEKNUM(B76) -> 20 | B76: =B74+7 -> 46158 | C76: {=IF(COUNTIF(Chronologie[Datum],B76)=0,"","(") &TRANSPOSE(_xlfn._xlws.FILTER(Chronologie[ID],Chronologie[Datum]=B76,"")) &IF(COUNTIF(Chronologie[Datum],B76)=0,"",") ") &TRANSPOSE(_xlfn._xlws.FILTER(Chronologie[Gegner],Chronologie[Datum]=B76,"")) &IF(COUNTIF(Chronologie[Datum],B76)=0,""," [") &TRANSPOSE(_xlfn._xlws.FILTER(Chronologie[H/A],Chronologie[Datum]=B76,"")) &IF(COUNTIF(Chronologie[Datum],B76)=0,"","]") &CHAR(10) &TRANSPOSE(_xlfn._xlws.FILTER(Chronologie[Startzeit],Chronologie[Datum]=B76,""))} | H76: =A76 -> 20
B77: =B75+7 -> 46159 | C77: {=IF(COUNTIF(Chronologie[Datum],B77)=0,"","(") &TRANSPOSE(_xlfn._xlws.FILTER(Chronologie[ID],Chronologie[Datum]=B77,"")) &IF(COUNTIF(Chronologie[Datum],B77)=0,"",") ") &TRANSPOSE(_xlfn._xlws.FILTER(Chronologie[Gegner],Chronologie[Datum]=B77,"")) &IF(COUNTIF(Chronologie[Datum],B77)=0,""," [") &TRANSPOSE(_xlfn._xlws.FILTER(Chronologie[H/A],Chronologie[Datum]=B77,"")) &IF(COUNTIF(Chronologie[Datum],B77)=0,"","]") &CHAR(10) &TRANSPOSE(_xlfn._xlws.FILTER(Chronologie[Startzeit],Chronologie[Datum]=B77,""))}
A78: =WEEKNUM(B78) -> 21 | B78: =B76+7 -> 46165 | C78: {=IF(COUNTIF(Chronologie[Datum],B78)=0,"","(") &TRANSPOSE(_xlfn._xlws.FILTER(Chronologie[ID],Chronologie[Datum]=B78,"")) &IF(COUNTIF(Chronologie[Datum],B78)=0,"",") ") &TRANSPOSE(_xlfn._xlws.FILTER(Chronologie[Gegner],Chronologie[Datum]=B78,"")) &IF(COUNTIF(Chronologie[Datum],B78)=0,""," [") &TRANSPOSE(_xlfn._xlws.FILTER(Chronologie[H/A],Chronologie[Datum]=B78,"")) &IF(COUNTIF(Chronologie[Datum],B78)=0,"","]") &CHAR(10) &TRANSPOSE(_xlfn._xlws.FILTER(Chronologie[Startzeit],Chronologie[Datum]=B78,""))} | H78: =A78 -> 21
B79: =B77+7 -> 46166 | C79: {=IF(COUNTIF(Chronologie[Datum],B79)=0,"","(") &TRANSPOSE(_xlfn._xlws.FILTER(Chronologie[ID],Chronologie[Datum]=B79,"")) &IF(COUNTIF(Chronologie[Datum],B79)=0,"",") ") &TRANSPOSE(_xlfn._xlws.FILTER(Chronologie[Gegner],Chronologie[Datum]=B79,"")) &IF(COUNTIF(Chronologie[Datum],B79)=0,""," [") &TRANSPOSE(_xlfn._xlws.FILTER(Chronologie[H/A],Chronologie[Datum]=B79,"")) &IF(COUNTIF(Chronologie[Datum],B79)=0,"","]") &CHAR(10) &TRANSPOSE(_xlfn._xlws.FILTER(Chronologie[Startzeit],Chronologie[Datum]=B79,""))}
A80: =WEEKNUM(B80) -> 22 | B80: =B78+7 -> 46172 | C80: {=IF(COUNTIF(Chronologie[Datum],B80)=0,"","(") &TRANSPOSE(_xlfn._xlws.FILTER(Chronologie[ID],Chronologie[Datum]=B80,"")) &IF(COUNTIF(Chronologie[Datum],B80)=0,"",") ") &TRANSPOSE(_xlfn._xlws.FILTER(Chronologie[Gegner],Chronologie[Datum]=B80,"")) &IF(COUNTIF(Chronologie[Datum],B80)=0,""," [") &TRANSPOSE(_xlfn._xlws.FILTER(Chronologie[H/A],Chronologie[Datum]=B80,"")) &IF(COUNTIF(Chronologie[Datum],B80)=0,"","]") &CHAR(10) &TRANSPOSE(_xlfn._xlws.FILTER(Chronologie[Startzeit],Chronologie[Datum]=B80,""))} | H80: =A80 -> 22
B81: =B79+7 -> 46173 | C81: {=IF(COUNTIF(Chronologie[Datum],B81)=0,"","(") &TRANSPOSE(_xlfn._xlws.FILTER(Chronologie[ID],Chronologie[Datum]=B81,"")) &IF(COUNTIF(Chronologie[Datum],B81)=0,"",") ") &TRANSPOSE(_xlfn._xlws.FILTER(Chronologie[Gegner],Chronologie[Datum]=B81,"")) &IF(COUNTIF(Chronologie[Datum],B81)=0,""," [") &TRANSPOSE(_xlfn._xlws.FILTER(Chronologie[H/A],Chronologie[Datum]=B81,"")) &IF(COUNTIF(Chronologie[Datum],B81)=0,"","]") &CHAR(10) &TRANSPOSE(_xlfn._xlws.FILTER(Chronologie[Startzeit],Chronologie[Datum]=B81,""))}
A82: =WEEKNUM(B82) -> 23 | B82: =B80+7 -> 46179 | C82: {=IF(COUNTIF(Chronologie[Datum],B82)=0,"","(") &TRANSPOSE(_xlfn._xlws.FILTER(Chronologie[ID],Chronologie[Datum]=B82,"")) &IF(COUNTIF(Chronologie[Datum],B82)=0,"",") ") &TRANSPOSE(_xlfn._xlws.FILTER(Chronologie[Gegner],Chronologie[Datum]=B82,"")) &IF(COUNTIF(Chronologie[Datum],B82)=0,""," [") &TRANSPOSE(_xlfn._xlws.FILTER(Chronologie[H/A],Chronologie[Datum]=B82,"")) &IF(COUNTIF(Chronologie[Datum],B82)=0,"","]") &CHAR(10) &TRANSPOSE(_xlfn._xlws.FILTER(Chronologie[Startzeit],Chronologie[Datum]=B82,""))} | H82: =A82 -> 23
B83: =B81+7 -> 46180 | C83: {=IF(COUNTIF(Chronologie[Datum],B83)=0,"","(") &TRANSPOSE(_xlfn._xlws.FILTER(Chronologie[ID],Chronologie[Datum]=B83,"")) &IF(COUNTIF(Chronologie[Datum],B83)=0,"",") ") &TRANSPOSE(_xlfn._xlws.FILTER(Chronologie[Gegner],Chronologie[Datum]=B83,"")) &IF(COUNTIF(Chronologie[Datum],B83)=0,""," [") &TRANSPOSE(_xlfn._xlws.FILTER(Chronologie[H/A],Chronologie[Datum]=B83,"")) &IF(COUNTIF(Chronologie[Datum],B83)=0,"","]") &CHAR(10) &TRANSPOSE(_xlfn._xlws.FILTER(Chronologie[Startzeit],Chronologie[Datum]=B83,""))}
A84: =WEEKNUM(B84) -> 24 | B84: =B82+7 -> 46186 | C84: {=IF(COUNTIF(Chronologie[Datum],B84)=0,"","(") &TRANSPOSE(_xlfn._xlws.FILTER(Chronologie[ID],Chronologie[Datum]=B84,"")) &IF(COUNTIF(Chronologie[Datum],B84)=0,"",") ") &TRANSPOSE(_xlfn._xlws.FILTER(Chronologie[Gegner],Chronologie[Datum]=B84,"")) &IF(COUNTIF(Chronologie[Datum],B84)=0,""," [") &TRANSPOSE(_xlfn._xlws.FILTER(Chronologie[H/A],Chronologie[Datum]=B84,"")) &IF(COUNTIF(Chronologie[Datum],B84)=0,"","]") &CHAR(10) &TRANSPOSE(_xlfn._xlws.FILTER(Chronologie[Startzeit],Chronologie[Datum]=B84,""))} | H84: =A84 -> 24
B85: =B83+7 -> 46187 | C85: {=IF(COUNTIF(Chronologie[Datum],B85)=0,"","(") &TRANSPOSE(_xlfn._xlws.FILTER(Chronologie[ID],Chronologie[Datum]=B85,"")) &IF(COUNTIF(Chronologie[Datum],B85)=0,"",") ") &TRANSPOSE(_xlfn._xlws.FILTER(Chronologie[Gegner],Chronologie[Datum]=B85,"")) &IF(COUNTIF(Chronologie[Datum],B85)=0,""," [") &TRANSPOSE(_xlfn._xlws.FILTER(Chronologie[H/A],Chronologie[Datum]=B85,"")) &IF(COUNTIF(Chronologie[Datum],B85)=0,"","]") &CHAR(10) &TRANSPOSE(_xlfn._xlws.FILTER(Chronologie[Startzeit],Chronologie[Datum]=B85,""))}
A86: =WEEKNUM(B86) -> 25 | B86: =B84+7 -> 46193 | C86: {=IF(COUNTIF(Chronologie[Datum],B86)=0,"","(") &TRANSPOSE(_xlfn._xlws.FILTER(Chronologie[ID],Chronologie[Datum]=B86,"")) &IF(COUNTIF(Chronologie[Datum],B86)=0,"",") ") &TRANSPOSE(_xlfn._xlws.FILTER(Chronologie[Gegner],Chronologie[Datum]=B86,"")) &IF(COUNTIF(Chronologie[Datum],B86)=0,""," [") &TRANSPOSE(_xlfn._xlws.FILTER(Chronologie[H/A],Chronologie[Datum]=B86,"")) &IF(COUNTIF(Chronologie[Datum],B86)=0,"","]") &CHAR(10) &TRANSPOSE(_xlfn._xlws.FILTER(Chronologie[Startzeit],Chronologie[Datum]=B86,""))} | H86: =A86 -> 25
B87: =B85+7 -> 46194 | C87: {=IF(COUNTIF(Chronologie[Datum],B87)=0,"","(") &TRANSPOSE(_xlfn._xlws.FILTER(Chronologie[ID],Chronologie[Datum]=B87,"")) &IF(COUNTIF(Chronologie[Datum],B87)=0,"",") ") &TRANSPOSE(_xlfn._xlws.FILTER(Chronologie[Gegner],Chronologie[Datum]=B87,"")) &IF(COUNTIF(Chronologie[Datum],B87)=0,""," [") &TRANSPOSE(_xlfn._xlws.FILTER(Chronologie[H/A],Chronologie[Datum]=B87,"")) &IF(COUNTIF(Chronologie[Datum],B87)=0,"","]") &CHAR(10) &TRANSPOSE(_xlfn._xlws.FILTER(Chronologie[Startzeit],Chronologie[Datum]=B87,""))}

Sheet Export
A1: Auswärts
A2: Name | B2: Team | C2: Spiele | D2: Volle | E2: Räumer | F2: Fehler | G2: GES | H2: SP | I2: MP | J2: S1 | K2: S2 | L2: S3 | M2: S4 | N2: SP 1 | O2: SP 2 | P2: SP 3 | Q2: SP 4 | R2: Trend (Saison) | S2: Trend (letzte 3 Spiele) | T2: STABW | U2: GEG GES | V2: Häufigste Position | W2: Anzahl häufigste Position | X2: Beste Position | Y2: % Beste Position | Z2: Rang | AA2: =IF(A1="Heim","Lieblingsbahn","")
A3: {=IF(A1="Gesamt",_xlfn._xlws.SORT(_xlfn.CHOOSECOLS(_xlfn._xlws.FILTER(AuswertungG[],AuswertungG[Spiele]>0,""),1,2,3,5,6,7,8,9,10,11,12,13,14,15,16,17,18,19,20,21,22,23,24,25,26,27),7,-1,FALSE),IF(A1="Heim",_xlfn._xlws.SORT(_xlfn.CHOOSECOLS(_xlfn._xlws.FILTER(AuswertungH[],AuswertungH[Spiele H]>0),1,2,3,5,6,7,8,9,10,11,12,13,14,15,16,17,18,19,20,21,22,23,24,25,26,27,28),7,-1,FALSE),IF(A1="Auswärts",_xlfn._xlws.SORT(_xlfn.CHOOSECOLS(_xlfn._xlws.FILTER(AuswertungA[],AuswertungA[Spiele A]>0),1,2,3,5,6,7,8,9,10,11,12,13,14,15,16,17,18,19,20,21,22,23,24,25,26,27),7,-1,FALSE),"")))} -> Philipp Paulmann | B3: E | C3: 5 | D3: 368 | E3: 198 | F3: 4.6 | G3: 566 | H3: 1.7 | I3: 0.4 | J3: 151 | K3: 142 | L3: 137 | M3: 134 | N3: 0.7 | O3: 0.6 | P3: 0.2 | Q3: 0.2 | R3: -0.92 | S3: -9.54 | T3: 47 | U3: 574 | V3: [6] | W3: 3 | X3: [5] | Y3: 0.5 | Z3: 2.8
A4: Maik Fuhrmann | B4: E | C4: 8 | D4: 370 | E4: 191 | F4: 3.4 | G4: 561 | H4: 3.42 | I4: 1 | J4: 141 | K4: 138 | L4: 141 | M4: 146 | N4: 0.92 | O4: 0.83 | P4: 0.83 | Q4: 0.83 | R4: 1.2 | S4: -8.78 | T4: 39 | U4: 520 | V4: [1][2] | W4: 2 | X4: [1][2][3][4] | Y4: 1 | Z4: 2
A5: Heiko Fuhrmann | B5: E | C5: 6 | D5: 368 | E5: 179 | F5: 6.3 | G5: 547 | H5: 2.17 | I5: 0.33 | J5: 147 | K5: 130 | L5: 137 | M5: 133 | N5: 0.83 | O5: 0.5 | P5: 0.33 | Q5: 0.5 | R5: 3.43 | S5: 5.02 | T5: 25 | U5: 552 | V5: [5] | W5: 3 | X5: [5] | Y5: 0.67 | Z5: 3.4
A6: Tim Beger | B6: Z | C6: 7 | D6: 368 | E6: 178 | F6: 7.6 | G6: 546 | H6: 1.9 | I6: 0.6 | J6: 142 | K6: 131 | L6: 130 | M6: 140 | N6: 0.8 | O6: 0.2 | P6: 0.4 | Q6: 0.5 | R6: -2.37 | S6: -19.86 | T6: 24 | U6: 543 | V6: [6] | W6: 2 | X6: [2][3][5] | Y6: 1 | Z6: 2.6
A7: Stefan Teuber | B7: E | C7: 5 | D7: 368 | E7: 177 | F7: 6.4 | G7: 545 | H7: 2.1 | I7: 0.4 | J7: 136 | K7: 138 | L7: 133 | M7: 138 | N7: 0.5 | O7: 0.8 | P7: 0.4 | Q7: 0.4 | R7: 2.45 | S7: 3.98 | T7: 21 | U7: 551 | V7: [2][4] | W7: 2 | X7: [1] | Y7: 1 | Z7: 3
A8: Patrick Frenzel | B8: D | C8: 1 | D8: 351 | E8: 191 | F8: 12 | G8: 542 | H8: 2 | I8: 0 | J8: 140 | K8: 126 | L8: 130 | M8: 146 | N8: 1 | O8: 0 | P8: 0 | Q8: 1 | U8: 550 | V8: [4] | W8: 1 | X8: [4] | Y8: 0 | Z8: 1
A9: Stefan Ulbricht | B9: Z | C9: 4 | D9: 354 | E9: 188 | F9: 6.3 | G9: 542 | H9: 2.75 | I9: 0.75 | J9: 130 | K9: 134 | L9: 139 | M9: 138 | N9: 0.5 | O9: 0.75 | P9: 0.75 | Q9: 0.75 | R9: -5.34 | S9: -13.13 | T9: 51 | U9: 490 | V9: [4] | W9: 3 | X9: [4] | Y9: 1 | Z9: 3.8
A10: Emma Hettmann | B10: U19 | C10: 8 | D10: 367 | E10: 172 | F10: 4.8 | G10: 540 | J10: 142 | K10: 134 | L10: 134 | M10: 131 | R10: -0.32 | S10: -0.03 | T10: 20 | Z10: 1.2
A11: Uwe Zippack | B11: Z | C11: 5 | D11: 357 | E11: 181 | F11: 4.4 | G11: 538 | H11: 2.2 | I11: 0.6 | J11: 139 | K11: 130 | L11: 129 | M11: 140 | N11: 0.6 | O11: 0.2 | P11: 0.6 | Q11: 0.8 | R11: -3.24 | S11: -6.07 | T11: 23 | U11: 539 | V11: [2] | W11: 2 | X11: [4][6] | Y11: 1 | Z11: 3
A12: Erik Krutak | B12: Z | C12: 7 | D12: 353 | E12: 181 | F12: 5.9 | G12: 534 | H12: 1.2 | I12: 0 | J12: 135 | K12: 127 | L12: 130 | M12: 142 | N12: 0.2 | O12: 0.2 | P12: 0 | Q12: 0.8 | R12: -0.86 | S12: -0.07 | T12: 21 | U12: 556 | V12: [5] | W12: 3 | X12: [5][6] | Y12: 0 | Z12: 4
A13: Mario Hägemann | B13: Z | C13: 5 | D13: 356 | E13: 176 | F13: 5.2 | G13: 532 | H13: 2.5 | I13: 0.8 | J13: 136 | K13: 132 | L13: 130 | M13: 133 | N13: 0.6 | O13: 0.6 | P13: 0.5 | Q13: 0.8 | R13: 0.37 | S13: -4.21 | T13: 20 | U13: 519 | V13: [1][3] | W13: 2 | X13: [1][3] | Y13: 1 | Z13: 3.2
A14: Olaf Kurtze | B14: Z | C14: 4 | D14: 367 | E14: 165 | F14: 8.8 | G14: 531 | H14: 1.75 | I14: 0.25 | J14: 133 | K14: 132 | L14: 128 | M14: 139 | N14: 0.5 | O14: 0.5 | P14: 0.25 | Q14: 0.5 | R14: -2.14 | S14: -7.66 | T14: 31 | U14: 543 | V14: [1] | W14: 3 | X14: [1] | Y14: 0.33 | Z14: 3.5
A15: Peter Paulmann | B15: D | C15: 4 | D15: 350 | E15: 176 | F15: 7 | G15: 527 | H15: 2.25 | I15: 0.5 | J15: 140 | K15: 127 | L15: 126 | M15: 138 | N15: 1 | O15: 0.5 | P15: 0.5 | Q15: 0.25 | R15: 3.51 | S15: -4.29 | T15: 23 | U15: 511 | V15: [5][6] | W15: 1 | X15: [6] | Y15: 1 | Z15: 2.5
A16: Tim Becker | B16: E | C16: 3 | D16: 365 | E16: 162 | F16: 6.3 | G16: 527 | H16: 1.83 | I16: 0.33 | J16: 122 | K16: 138 | L16: 134 | M16: 133 | N16: 0.17 | O16: 0.67 | P16: 0.33 | Q16: 0.67 | R16: 2.53 | S16: 2.53 | T16: 23 | U16: 546 | V16: [3] | W16: 3 | X16: [3] | Y16: 0.33 | Z16: 4
A17: Madlen Baumgarten | B17: F | C17: 5 | D17: 353 | E17: 173 | F17: 7.4 | G17: 526 | H17: 2 | I17: 0.6 | J17: 131 | K17: 125 | L17: 141 | M17: 130 | N17: 0.6 | O17: 0.4 | P17: 0.6 | Q17: 0.4 | R17: 0.06 | S17: -4.29 | T17: 21 | U17: 528 | V17: [5] | W17: 3 | X17: [2] | Y17: 1 | Z17: 2
A18: Sylke Schmidt | B18: F | C18: 4 | D18: 367 | E18: 158 | F18: 11 | G18: 524 | H18: 2.25 | I18: 0.75 | J18: 131 | K18: 138 | L18: 128 | M18: 127 | N18: 0.75 | O18: 0.5 | P18: 0.5 | Q18: 0.5 | R18: 2.68 | S18: 1.04 | T18: 24 | U18: 504 | V18: [5][6] | W18: 2 | X18: [6] | Y18: 1 | Z18: 3
A19: Patrick Hohmann | B19: E | C19: 6 | D19: 356 | E19: 164 | F19: 7.7 | G19: 520 | H19: 2 | I19: 0.38 | J19: 128 | K19: 137 | L19: 127 | M19: 130 | N19: 0.75 | O19: 0.5 | P19: 0.25 | Q19: 0.5 | R19: -0.05 | S19: -0.62 | T19: 21 | U19: 538 | V19: [1][3][4][6] | W19: 1 | X19: [4] | Y19: 1 | Z19: 4
A20: Florian Jäger | B20: D | C20: 1 | D20: 325 | E20: 186 | F20: 4 | G20: 511 | H20: 3 | I20: 1 | J20: 137 | K20: 134 | L20: 129 | M20: 111 | N20: 1 | O20: 1 | P20: 1 | Q20: 0 | U20: 481 | V20: [6] | W20: 1 | X20: [6] | Y20: 1 | Z20: 3
A21: Heike Scholz | B21: F | C21: 6 | D21: 348 | E21: 163 | F21: 8 | G21: 511 | H21: 1.75 | I21: 0.75 | J21: 131 | K21: 125 | L21: 123 | M21: 137 | N21: 0.5 | O21: 0.25 | P21: 0.25 | Q21: 0.75 | R21: 0.38 | S21: 9.57 | T21: 15 | U21: 527 | V21: [4] | W21: 3 | X21: [3] | Y21: 1 | Z21: 2.8
A22: Katrin Fiedler | B22: F | C22: 3 | D22: 358 | E22: 152 | F22: 11 | G22: 510 | H22: 1.67 | I22: 0.33 | J22: 129 | K22: 132 | L22: 125 | M22: 124 | N22: 0.33 | O22: 0.33 | P22: 0.33 | Q22: 0.67 | R22: 3.3 | S22: 3.3 | T22: 29 | U22: 535 | V22: [6] | W22: 2 | X22: [6] | Y22: 0.5 | Z22: 3.3
A23: Andreas Rippin | B23: E | C23: 4 | D23: 350 | E23: 159 | F23: 11.5 | G23: 509 | H23: 0.75 | I23: 0 | J23: 121 | K23: 130 | L23: 133 | M23: 126 | N23: 0.25 | O23: 0.25 | P23: 0.25 | Q23: 0 | R23: 6.17 | S23: 6.39 | T23: 41 | U23: 572 | V23: [2] | W23: 2 | X23: [1][2][5] | Y23: 0 | Z23: 5.3
A24: Jens Starke | B24: D | C24: 3 | D24: 346 | E24: 162 | F24: 7.7 | G24: 507 | H24: 1.5 | I24: 0.33 | J24: 120 | K24: 123 | L24: 130 | M24: 134 | N24: 0.33 | O24: 0.33 | P24: 0.5 | Q24: 0.33 | R24: -2.11 | S24: -2.11 | T24: 13 | U24: 520 | V24: [1][3][4] | W24: 1 | X24: [4] | Y24: 1 | Z24: 3.3
A25: Anna Müller | B25: U19 | C25: 8 | D25: 349 | E25: 157 | F25: 9.6 | G25: 506 | J25: 127 | K25: 130 | L25: 119 | M25: 130 | R25: -0.54 | S25: -0.61 | T25: 19 | Z25: 2.3
A26: Cora Keller | B26: U19 | C26: 10 | D26: 348 | E26: 154 | F26: 11.6 | G26: 502 | H26: 2 | I26: 0.67 | J26: 130 | K26: 127 | L26: 122 | M26: 123 | N26: 0.33 | O26: 0.67 | P26: 0.67 | Q26: 0.33 | R26: -0.12 | S26: 24.5 | T26: 33 | U26: 482 | V26: [1][2][3] | W26: 1 | X26: [2][3] | Y26: 1 | Z26: 2.6
A27: Ulli Baumgarten | B27: D | C27: 3 | D27: 361 | E27: 139 | F27: 10 | G27: 499 | H27: 2 | I27: 0.67 | J27: 122 | K27: 126 | L27: 128 | M27: 123 | N27: 0.33 | O27: 0.67 | P27: 0.67 | Q27: 0.33 | R27: 2.58 | S27: 2.58 | T27: 12 | U27: 499 | V27: [2][3][5] | W27: 1 | X27: [2][3] | Y27: 1 | Z27: 4.7
A28: Peter Weißling | B28: D | C28: 1 | D28: 342 | E28: 145 | F28: 8 | G28: 487 | H28: 2 | I28: 1 | J28: 113 | K28: 138 | L28: 130 | M28: 106 | N28: 0 | O28: 1 | P28: 1 | Q28: 0 | U28: 473 | V28: [3] | W28: 1 | X28: [3] | Y28: 1 | Z28: 5
A29: Jörg Nötzel | B29: D | C29: 3 | D29: 354 | E29: 130 | F29: 14.3 | G29: 484 | H29: 2 | I29: 0.5 | J29: 127 | K29: 124 | L29: 128 | M29: 128 | N29: 0.5 | O29: 0 | P29: 1 | Q29: 0.5 | R29: -1.47 | S29: -1.47 | T29: 30 | U29: 517 | V29: [2][3] | W29: 1 | X29: [2] | Y29: 1 | Z29: 5
A30: Lea Meinert | B30: F | C30: 5 | D30: 342 | E30: 142 | F30: 9 | G30: 483 | H30: 0.67 | I30: 0 | J30: 124 | K30: 118 | L30: 122 | M30: 119 | N30: 0 | O30: 0 | P30: 0.33 | Q30: 0.33 | R30: 1.15 | S30: 6.14 | T30: 30 | U30: 507 | V30: [1] | W30: 2 | X30: [1][2] | Y30: 0 | Z30: 5.3
A31: Marcel Giese | B31: D | C31: 2 | D31: 338 | E31: 143 | F31: 16 | G31: 480 | H31: 2.5 | I31: 1 | J31: 112 | K31: 120 | L31: 118 | M31: 131 | N31: 0.5 | O31: 1 | P31: 0 | Q31: 1 | R31: 22 | S31: 22 | T31: 11 | U31: 490 | V31: [1] | W31: 1 | X31: [1] | Y31: 1 | Z31: 5
A32: Pia Wätzig | B32: U19 | C32: 9 | D32: 331 | E32: 136 | F32: 15.2 | G32: 467 | H32: 0.5 | I32: 0 | J32: 119 | K32: 119 | L32: 112 | M32: 117 | N32: 0 | O32: 0 | P32: 0 | Q32: 0.5 | R32: 1.22 | S32: 24.5 | T32: 30 | U32: 539 | V32: [1][3] | W32: 1 | X32: [1][3] | Y32: 0 | Z32: 4
A33: Katrin Keller | B33: F | C33: 7 | D33: 328 | E33: 138 | F33: 11.6 | G33: 466 | H33: 1.7 | I33: 0.4 | J33: 120 | K33: 128 | L33: 119 | M33: 100 | N33: 0.4 | O33: 0.8 | P33: 0.4 | Q33: 0.1 | R33: 1.8 | S33: 27.14 | T33: 43 | U33: 509 | V33: [2][3] | W33: 2 | X33: [2][3] | Y33: 0.5 | Z33: 4.4
A34: Emelie Schiffel | B34: U14 | C34: 8 | D34: 302 | E34: 109 | F34: 23.1 | G34: 411 | J34: 104 | K34: 111 | L34: 95 | M34: 99 | R34: -0.83 | S34: -2.42 | T34: 42 | Z34: 2
A35: Sophia Stirl | B35: U14 | C35: 6 | D35: 296 | E35: 95 | F35: 24.8 | G35: 391 | J35: 96 | K35: 101 | L35: 95 | M35: 99 | R35: 1.61 | S35: -2.76 | T35: 33 | Z35: 2
A36: Bruno Bergelt | B36: U14 | C36: 4 | D36: 285 | E36: 99 | F36: 22 | G36: 383 | J36: 99 | K36: 97 | L36: 90 | M36: 98 | R36: 1.7 | S36: 3.62 | T36: 13 | Z36: 2
A37: Lisa Marutschke | B37: U14 | C37: 7 | D37: 274 | E37: 89 | F37: 28.4 | G37: 363 | J37: 82 | K37: 91 | L37: 92 | M37: 99 | R37: -0.44 | S37: 0.62 | T37: 25 | Z37: 3
A38: Ben Böhmer | B38: U14 | C38: 4 | D38: 249 | E38: 80 | F38: 34.8 | G38: 329 | J38: 85 | K38: 93 | L38: 68 | M38: 86 | R38: 1.34 | S38: 0.21 | T38: 21 | Z38: 3.5

Sheet Übersicht
A1: Teams | E1: Chronologie | Y1: Kegelbahnverzeichnis
A2: Nummer | B2: Name | C2: Team | E2: SA-NR | F2: ID | G2: Datum | H2: Team | I2: L/P/E | J2: ST | K2: Gegner | L2: Ort | M2: H/A | N2: SANR | O2: Gespielt | P2: Eingetragen? | Q2: KW | R2: Kurzform | S2: Bahnen | T2: Startzeit | U2: Start | V2: Endzeit | X2: Gegner | Y2: Anschrift | Z2: PLZ | AA2: Ort | AB2: Kurzform | AC2: Bahnen
A3: =ROW(A3)-2 -> 1 | B3: Anastasia Landau | C3: F | E3: =ROW(E3)-2 -> 1 | F3: =Chronologie[[#This Row],[Team]]&"-"&Chronologie[[#This Row],[L/P/E]]&"-"&Chronologie[[#This Row],[ST]] -> E-L-1 | G3: 45913 | H3: E | I3: L | J3: 1 | K3: TSV 90 Zwickau II | L3: =IF(Chronologie[[#This Row],[H/A]]="A",VLOOKUP(Chronologie[[#This Row],[Gegner]],Orte[],4,FALSE),IF(Chronologie[[#This Row],[H/A]]="H","Hirschfeld",Chronologie[[#This Row],[Gegner]])) -> Hirschfeld | M3: H | N3: =Chronologie[[#This Row],[SA-NR]] -> 1 | O3: =IF(Chronologie[[#This Row],[Datum]]="","",IF(TODAY()>=Chronologie[[#This Row],[Datum]],1,0)) -> 1 | P3: =IF(COUNTIFS(Eingabe[ID],Chronologie[[#This Row],[ID]],Eingabe[GES],">0")>=1,1,0) -> 1 | Q3: =IF(YEAR(Chronologie[[#This Row],[Datum]])=2025,WEEKNUM(Chronologie[[#This Row],[Datum]],2)-34,IF(YEAR(Chronologie[[#This Row],[Datum]])=2026,WEEKNUM(Chronologie[[#This Row],[Datum]],2)+18,"")) -> 3 | R3: =IF(Chronologie[[#This Row],[Gegner]]="","",VLOOKUP(Chronologie[[#This Row],[Gegner]],Orte[],5,FALSE)) -> Zwickau | S3: =IF(Chronologie[[#This Row],[Gegner]]="","",IF(Chronologie[[#This Row],[H/A]]="H",4,VLOOKUP(Chronologie[[#This Row],[Gegner]],Orte[],6,FALSE))) -> 4 | T3: 13:00 Uhr | U3: =IFERROR(TIMEVALUE(LEFT(Chronologie[[#This Row],[Startzeit]],5)),"") -> 0.54166667 | V3: =IFERROR(TIMEVALUE(LEFT(Chronologie[[#This Row],[Startzeit]],5))+TIME(12/Chronologie[[#This Row],[Bahnen]],0,0),"") -> 0.66666667 | X3: BKC 52 | Y3: Jahnstraße 11, 09618 Brand-Erbisdorf | Z3: 9618 | AA3: =IF(Orte[[#This Row],[Anschrift]]="",Orte[[#This Row],[Kurzform]],RIGHT(Orte[[#This Row],[Anschrift]],LEN(Orte[[#This Row],[Anschrift]])-FIND("#",SUBSTITUTE(Orte[[#This Row],[Anschrift]]," ","#",LEN(Orte[[#This Row],[Anschrift]])-LEN(SUBSTITUTE(Orte[[#This Row],[Anschrift]]," ",)))))) -> Brand-Erbisdorf | AB3: BKC | AC3: 4
A4: =ROW(A4)-2 -> 2 | B4: Andreas Ehrlich | C4: D | E4: =ROW(E4)-2 -> 2 | F4: =Chronologie[[#This Row],[Team]]&"-"&Chronologie[[#This Row],[L/P/E]]&"-"&Chronologie[[#This Row],[ST]] -> E-L-2 | G4: 45920 | H4: E | I4: L | J4: 2 | K4: SpG Großschirma/Brand-Erbisdorf | L4: =IF(Chronologie[[#This Row],[H/A]]="A",VLOOKUP(Chronologie[[#This Row],[Gegner]],Orte[],4,FALSE),IF(Chronologie[[#This Row],[H/A]]="H","Hirschfeld",Chronologie[[#This Row],[Gegner]])) -> Brand-Erbisdorf | M4: A | N4: =Chronologie[[#This Row],[SA-NR]] -> 2 | O4: =IF(Chronologie[[#This Row],[Datum]]="","",IF(TODAY()>=Chronologie[[#This Row],[Datum]],1,0)) -> 1 | P4: =IF(COUNTIFS(Eingabe[ID],Chronologie[[#This Row],[ID]],Eingabe[GES],">0")>=1,1,0) -> 1 | Q4: =IF(YEAR(Chronologie[[#This Row],[Datum]])=2025,WEEKNUM(Chronologie[[#This Row],[Datum]],2)-34,IF(YEAR(Chronologie[[#This Row],[Datum]])=2026,WEEKNUM(Chronologie[[#This Row],[Datum]],2)+18,"")) -> 4 | R4: =IF(Chronologie[[#This Row],[Gegner]]="","",VLOOKUP(Chronologie[[#This Row],[Gegner]],Orte[],5,FALSE)) -> Großschirma | S4: =IF(Chronologie[[#This Row],[Gegner]]="","",IF(Chronologie[[#This Row],[H/A]]="H",4,VLOOKUP(Chronologie[[#This Row],[Gegner]],Orte[],6,FALSE))) -> 4 | T4: 13:00 Uhr | U4: =IFERROR(TIMEVALUE(LEFT(Chronologie[[#This Row],[Startzeit]],5)),"") -> 0.54166667 | V4: =IFERROR(TIMEVALUE(LEFT(Chronologie[[#This Row],[Startzeit]],5))+TIME(12/Chronologie[[#This Row],[Bahnen]],0,0),"") -> 0.66666667 | X4: BSC Motor Rochlitz | Y4: Am Regenbogen 23, 09306 Rochlitz | Z4: 9306 | AA4: =IF(Orte[[#This Row],[Anschrift]]="",Orte[[#This Row],[Kurzform]],RIGHT(Orte[[#This Row],[Anschrift]],LEN(Orte[[#This Row],[Anschrift]])-FIND("#",SUBSTITUTE(Orte[[#This Row],[Anschrift]]," ","#",LEN(Orte[[#This Row],[Anschrift]])-LEN(SUBSTITUTE(Orte[[#This Row],[Anschrift]]," ",)))))) -> Rochlitz | AB4: Rochlitz | AC4: 4
A5: =ROW(A5)-2 -> 3 | B5: Andreas Rippin | C5: E | E5: =ROW(E5)-2 -> 3 | F5: =Chronologie[[#This Row],[Team]]&"-"&Chronologie[[#This Row],[L/P/E]]&"-"&Chronologie[[#This Row],[ST]] -> E-L-3 | G5: 45927 | H5: E | I5: L | J5: 3 | K5: SG Grün-Weiß Mehltheuer II | L5: =IF(Chronologie[[#This Row],[H/A]]="A",VLOOKUP(Chronologie[[#This Row],[Gegner]],Orte[],4,FALSE),IF(Chronologie[[#This Row],[H/A]]="H","Hirschfeld",Chronologie[[#This Row],[Gegner]])) -> Hirschfeld | M5: H | N5: =Chronologie[[#This Row],[SA-NR]] -> 3 | O5: =IF(Chronologie[[#This Row],[Datum]]="","",IF(TODAY()>=Chronologie[[#This Row],[Datum]],1,0)) -> 1 | P5: =IF(COUNTIFS(Eingabe[ID],Chronologie[[#This Row],[ID]],Eingabe[GES],">0")>=1,1,0) -> 1 | Q5: =IF(YEAR(Chronologie[[#This Row],[Datum]])=2025,WEEKNUM(Chronologie[[#This Row],[Datum]],2)-34,IF(YEAR(Chronologie[[#This Row],[Datum]])=2026,WEEKNUM(Chronologie[[#This Row],[Datum]],2)+18,"")) -> 5 | R5: =IF(Chronologie[[#This Row],[Gegner]]="","",VLOOKUP(Chronologie[[#This Row],[Gegner]],Orte[],5,FALSE)) -> Mehltheuer | S5: =IF(Chronologie[[#This Row],[Gegner]]="","",IF(Chronologie[[#This Row],[H/A]]="H",4,VLOOKUP(Chronologie[[#This Row],[Gegner]],Orte[],6,FALSE))) -> 4 | T5: 14:00 Uhr | U5: =IFERROR(TIMEVALUE(LEFT(Chronologie[[#This Row],[Startzeit]],5)),"") -> 0.58333333 | V5: =IFERROR(TIMEVALUE(LEFT(Chronologie[[#This Row],[Startzeit]],5))+TIME(12/Chronologie[[#This Row],[Bahnen]],0,0),"") -> 0.70833333 | X5: BSV Ehrenfriedersdorf | Y5: Wiesenstraße 18, 09427 Ehrenfriedersdorf | Z5: 9427 | AA5: =IF(Orte[[#This Row],[Anschrift]]="",Orte[[#This Row],[Kurzform]],RIGHT(Orte[[#This Row],[Anschrift]],LEN(Orte[[#This Row],[Anschrift]])-FIND("#",SUBSTITUTE(Orte[[#This Row],[Anschrift]]," ","#",LEN(Orte[[#This Row],[Anschrift]])-LEN(SUBSTITUTE(Orte[[#This Row],[Anschrift]]," ",)))))) -> Ehrenfriedersdorf | AB5: Ehrenfriedersdorf | AC5: 4
A6: =ROW(A6)-2 -> 4 | B6: Anna Müller | C6: U19 | E6: =ROW(E6)-2 -> 4 | F6: =Chronologie[[#This Row],[Team]]&"-"&Chronologie[[#This Row],[L/P/E]]&"-"&Chronologie[[#This Row],[ST]] -> E-L-4 | G6: 45948 | H6: E | I6: L | J6: 4 | K6: VfB Lengenfeld | L6: =IF(Chronologie[[#This Row],[H/A]]="A",VLOOKUP(Chronologie[[#This Row],[Gegner]],Orte[],4,FALSE),IF(Chronologie[[#This Row],[H/A]]="H","Hirschfeld",Chronologie[[#This Row],[Gegner]])) -> Hirschfeld | M6: H | N6: =Chronologie[[#This Row],[SA-NR]] -> 4 | O6: =IF(Chronologie[[#This Row],[Datum]]="","",IF(TODAY()>=Chronologie[[#This Row],[Datum]],1,0)) -> 1 | P6: =IF(COUNTIFS(Eingabe[ID],Chronologie[[#This Row],[ID]],Eingabe[GES],">0")>=1,1,0) -> 1 | Q6: =IF(YEAR(Chronologie[[#This Row],[Datum]])=2025,WEEKNUM(Chronologie[[#This Row],[Datum]],2)-34,IF(YEAR(Chronologie[[#This Row],[Datum]])=2026,WEEKNUM(Chronologie[[#This Row],[Datum]],2)+18,"")) -> 8 | R6: =IF(Chronologie[[#This Row],[Gegner]]="","",VLOOKUP(Chronologie[[#This Row],[Gegner]],Orte[],5,FALSE)) -> Lengenfeld | S6: =IF(Chronologie[[#This Row],[Gegner]]="","",IF(Chronologie[[#This Row],[H/A]]="H",4,VLOOKUP(Chronologie[[#This Row],[Gegner]],Orte[],6,FALSE))) -> 4 | T6: 13:00 Uhr | U6: =IFERROR(TIMEVALUE(LEFT(Chronologie[[#This Row],[Startzeit]],5)),"") -> 0.54166667 | V6: =IFERROR(TIMEVALUE(LEFT(Chronologie[[#This Row],[Startzeit]],5))+TIME(12/Chronologie[[#This Row],[Bahnen]],0,0),"") -> 0.66666667 | X6: Chemnitzer SV Siegmar 48 | Y6: Jagdschänkenstraße 35, 09117 Chemnitz | Z6: 9117 | AA6: =IF(Orte[[#This Row],[Anschrift]]="",Orte[[#This Row],[Kurzform]],RIGHT(Orte[[#This Row],[Anschrift]],LEN(Orte[[#This Row],[Anschrift]])-FIND("#",SUBSTITUTE(Orte[[#This Row],[Anschrift]]," ","#",LEN(Orte[[#This Row],[Anschrift]])-LEN(SUBSTITUTE(Orte[[#This Row],[Anschrift]]," ",)))))) -> Chemnitz | AB6: Siegmar | AC6: 4
A7: =ROW(A7)-2 -> 5 | B7: Ben Becker | C7: D | E7: =ROW(E7)-2 -> 5 | F7: =Chronologie[[#This Row],[Team]]&"-"&Chronologie[[#This Row],[L/P/E]]&"-"&Chronologie[[#This Row],[ST]] -> E-L-5 | G7: 45955 | H7: E | I7: L | J7: 5 | K7: SV Schönberg | L7: =IF(Chronologie[[#This Row],[H/A]]="A",VLOOKUP(Chronologie[[#This Row],[Gegner]],Orte[],4,FALSE),IF(Chronologie[[#This Row],[H/A]]="H","Hirschfeld",Chronologie[[#This Row],[Gegner]])) -> Glauchau | M7: A | N7: =Chronologie[[#This Row],[SA-NR]] -> 5 | O7: =IF(Chronologie[[#This Row],[Datum]]="","",IF(TODAY()>=Chronologie[[#This Row],[Datum]],1,0)) -> 1 | P7: =IF(COUNTIFS(Eingabe[ID],Chronologie[[#This Row],[ID]],Eingabe[GES],">0")>=1,1,0) -> 1 | Q7: =IF(YEAR(Chronologie[[#This Row],[Datum]])=2025,WEEKNUM(Chronologie[[#This Row],[Datum]],2)-34,IF(YEAR(Chronologie[[#This Row],[Datum]])=2026,WEEKNUM(Chronologie[[#This Row],[Datum]],2)+18,"")) -> 9 | R7: =IF(Chronologie[[#This Row],[Gegner]]="","",VLOOKUP(Chronologie[[#This Row],[Gegner]],Orte[],5,FALSE)) -> Schönberg | S7: =IF(Chronologie[[#This Row],[Gegner]]="","",IF(Chronologie[[#This Row],[H/A]]="H",4,VLOOKUP(Chronologie[[#This Row],[Gegner]],Orte[],6,FALSE))) -> 4 | T7: 13:00 Uhr | U7: =IFERROR(TIMEVALUE(LEFT(Chronologie[[#This Row],[Startzeit]],5)),"") -> 0.54166667 | V7: =IFERROR(TIMEVALUE(LEFT(Chronologie[[#This Row],[Startzeit]],5))+TIME(12/Chronologie[[#This Row],[Bahnen]],0,0),"") -> 0.66666667 | X7: Dresdner SV II | Y7: Weißeritzstr. 4, 01067 Dresden | Z7: 1067 | AA7: =IF(Orte[[#This Row],[Anschrift]]="",Orte[[#This Row],[Kurzform]],RIGHT(Orte[[#This Row],[Anschrift]],LEN(Orte[[#This Row],[Anschrift]])-FIND("#",SUBSTITUTE(Orte[[#This Row],[Anschrift]]," ","#",LEN(Orte[[#This Row],[Anschrift]])-LEN(SUBSTITUTE(Orte[[#This Row],[Anschrift]]," ",)))))) -> Dresden | AB7: DD SV II | AC7: 4
A8: =ROW(A8)-2 -> 6 | B8: Ben Böhmer | C8: U14 | E8: =ROW(E8)-2 -> 6 | F8: =Chronologie[[#This Row],[Team]]&"-"&Chronologie[[#This Row],[L/P/E]]&"-"&Chronologie[[#This Row],[ST]] -> E-L-6 | G8: 45969 | H8: E | I8: L | J8: 6 | K8: KSV Blau-Gelb Taucha II | L8: =IF(Chronologie[[#This Row],[H/A]]="A",VLOOKUP(Chronologie[[#This Row],[Gegner]],Orte[],4,FALSE),IF(Chronologie[[#This Row],[H/A]]="H","Hirschfeld",Chronologie[[#This Row],[Gegner]])) -> Hirschfeld | M8: H | N8: =Chronologie[[#This Row],[SA-NR]] -> 6 | O8: =IF(Chronologie[[#This Row],[Datum]]="","",IF(TODAY()>=Chronologie[[#This Row],[Datum]],1,0)) -> 1 | P8: =IF(COUNTIFS(Eingabe[ID],Chronologie[[#This Row],[ID]],Eingabe[GES],">0")>=1,1,0) -> 1 | Q8: =IF(YEAR(Chronologie[[#This Row],[Datum]])=2025,WEEKNUM(Chronologie[[#This Row],[Datum]],2)-34,IF(YEAR(Chronologie[[#This Row],[Datum]])=2026,WEEKNUM(Chronologie[[#This Row],[Datum]],2)+18,"")) -> 11 | R8: =IF(Chronologie[[#This Row],[Gegner]]="","",VLOOKUP(Chronologie[[#This Row],[Gegner]],Orte[],5,FALSE)) -> Taucha | S8: =IF(Chronologie[[#This Row],[Gegner]]="","",IF(Chronologie[[#This Row],[H/A]]="H",4,VLOOKUP(Chronologie[[#This Row],[Gegner]],Orte[],6,FALSE))) -> 4 | T8: 13:00 Uhr | U8: =IFERROR(TIMEVALUE(LEFT(Chronologie[[#This Row],[Startzeit]],5)),"") -> 0.54166667 | V8: =IFERROR(TIMEVALUE(LEFT(Chronologie[[#This Row],[Startzeit]],5))+TIME(12/Chronologie[[#This Row],[Bahnen]],0,0),"") -> 0.66666667 | X8: ESV Zschorlau | Y8: Schulstraße 2, 08321 Zschorlau | Z8: 8321 | AA8: =IF(Orte[[#This Row],[Anschrift]]="",Orte[[#This Row],[Kurzform]],RIGHT(Orte[[#This Row],[Anschrift]],LEN(Orte[[#This Row],[Anschrift]])-FIND("#",SUBSTITUTE(Orte[[#This Row],[Anschrift]]," ","#",LEN(Orte[[#This Row],[Anschrift]])-LEN(SUBSTITUTE(Orte[[#This Row],[Anschrift]]," ",)))))) -> Zschorlau | AB8: Zschorlau | AC8: 4
A9: =ROW(A9)-2 -> 7 | B9: Bruno Bergelt | C9: U14 | E9: =ROW(E9)-2 -> 7 | F9: =Chronologie[[#This Row],[Team]]&"-"&Chronologie[[#This Row],[L/P/E]]&"-"&Chronologie[[#This Row],[ST]] -> E-L-7 | G9: 45976 | H9: E | I9: L | J9: 7 | K9: SG Hohentanne | L9: =IF(Chronologie[[#This Row],[H/A]]="A",VLOOKUP(Chronologie[[#This Row],[Gegner]],Orte[],4,FALSE),IF(Chronologie[[#This Row],[H/A]]="H","Hirschfeld",Chronologie[[#This Row],[Gegner]])) -> Hirschfeld | M9: H | N9: =Chronologie[[#This Row],[SA-NR]] -> 7 | O9: =IF(Chronologie[[#This Row],[Datum]]="","",IF(TODAY()>=Chronologie[[#This Row],[Datum]],1,0)) -> 1 | P9: =IF(COUNTIFS(Eingabe[ID],Chronologie[[#This Row],[ID]],Eingabe[GES],">0")>=1,1,0) -> 1 | Q9: =IF(YEAR(Chronologie[[#This Row],[Datum]])=2025,WEEKNUM(Chronologie[[#This Row],[Datum]],2)-34,IF(YEAR(Chronologie[[#This Row],[Datum]])=2026,WEEKNUM(Chronologie[[#This Row],[Datum]],2)+18,"")) -> 12 | R9: =IF(Chronologie[[#This Row],[Gegner]]="","",VLOOKUP(Chronologie[[#This Row],[Gegner]],Orte[],5,FALSE)) -> Hohentanne | S9: =IF(Chronologie[[#This Row],[Gegner]]="","",IF(Chronologie[[#This Row],[H/A]]="H",4,VLOOKUP(Chronologie[[#This Row],[Gegner]],Orte[],6,FALSE))) -> 4 | T9: 13:00 Uhr | U9: =IFERROR(TIMEVALUE(LEFT(Chronologie[[#This Row],[Startzeit]],5)),"") -> 0.54166667 | V9: =IFERROR(TIMEVALUE(LEFT(Chronologie[[#This Row],[Startzeit]],5))+TIME(12/Chronologie[[#This Row],[Bahnen]],0,0),"") -> 0.66666667 | X9: Hirschfeld | Y9: Reinsberger Straße 2, 09634 Hirschfeld | Z9: 9634 | AA9: =IF(Orte[[#This Row],[Anschrift]]="",Orte[[#This Row],[Kurzform]],RIGHT(Orte[[#This Row],[Anschrift]],LEN(Orte[[#This Row],[Anschrift]])-FIND("#",SUBSTITUTE(Orte[[#This Row],[Anschrift]]," ","#",LEN(Orte[[#This Row],[Anschrift]])-LEN(SUBSTITUTE(Orte[[#This Row],[Anschrift]]," ",)))))) -> Hirschfeld | AB9: Hirschfeld | AC9: 4
A10: =ROW(A10)-2 -> 8 | B10: Cora Keller | C10: U19 | E10: =ROW(E10)-2 -> 8 | F10: =Chronologie[[#This Row],[Team]]&"-"&Chronologie[[#This Row],[L/P/E]]&"-"&Chronologie[[#This Row],[ST]] -> E-L-8 | G10: 45990 | H10: E | I10: L | J10: 8 | K10: SKV 9-Pins Stollberg II | L10: =IF(Chronologie[[#This Row],[H/A]]="A",VLOOKUP(Chronologie[[#This Row],[Gegner]],Orte[],4,FALSE),IF(Chronologie[[#This Row],[H/A]]="H","Hirschfeld",Chronologie[[#This Row],[Gegner]])) -> Hirschfeld | M10: H | N10: =Chronologie[[#This Row],[SA-NR]] -> 8 | O10: =IF(Chronologie[[#This Row],[Datum]]="","",IF(TODAY()>=Chronologie[[#This Row],[Datum]],1,0)) -> 1 | P10: =IF(COUNTIFS(Eingabe[ID],Chronologie[[#This Row],[ID]],Eingabe[GES],">0")>=1,1,0) -> 1 | Q10: =IF(YEAR(Chronologie[[#This Row],[Datum]])=2025,WEEKNUM(Chronologie[[#This Row],[Datum]],2)-34,IF(YEAR(Chronologie[[#This Row],[Datum]])=2026,WEEKNUM(Chronologie[[#This Row],[Datum]],2)+18,"")) -> 14 | R10: =IF(Chronologie[[#This Row],[Gegner]]="","",VLOOKUP(Chronologie[[#This Row],[Gegner]],Orte[],5,FALSE)) -> Stollberg III | S10: =IF(Chronologie[[#This Row],[Gegner]]="","",IF(Chronologie[[#This Row],[H/A]]="H",4,VLOOKUP(Chronologie[[#This Row],[Gegner]],Orte[],6,FALSE))) -> 4 | T10: 13:00 Uhr | U10: =IFERROR(TIMEVALUE(LEFT(Chronologie[[#This Row],[Startzeit]],5)),"") -> 0.54166667 | V10: =IFERROR(TIMEVALUE(LEFT(Chronologie[[#This Row],[Startzeit]],5))+TIME(12/Chronologie[[#This Row],[Bahnen]],0,0),"") -> 0.66666667 | X10: Hirschfelder SV | Y10: Reinsberger Straße 2, 09634 Hirschfeld | Z10: 9634 | AA10: =IF(Orte[[#This Row],[Anschrift]]="",Orte[[#This Row],[Kurzform]],RIGHT(Orte[[#This Row],[Anschrift]],LEN(Orte[[#This Row],[Anschrift]])-FIND("#",SUBSTITUTE(Orte[[#This Row],[Anschrift]]," ","#",LEN(Orte[[#This Row],[Anschrift]])-LEN(SUBSTITUTE(Orte[[#This Row],[Anschrift]]," ",)))))) -> Hirschfeld | AB10: HSV | AC10: 4
A11: =ROW(A11)-2 -> 9 | B11: Dietmar Klose | C11: D | E11: =ROW(E11)-2 -> 9 | F11: =Chronologie[[#This Row],[Team]]&"-"&Chronologie[[#This Row],[L/P/E]]&"-"&Chronologie[[#This Row],[ST]] -> E-L-9 | G11: 46004 | H11: E | I11: L | J11: 9 | K11: SV Rot-Weiß Treuen | L11: =IF(Chronologie[[#This Row],[H/A]]="A",VLOOKUP(Chronologie[[#This Row],[Gegner]],Orte[],4,FALSE),IF(Chronologie[[#This Row],[H/A]]="H","Hirschfeld",Chronologie[[#This Row],[Gegner]])) -> Treuen | M11: A | N11: =Chronologie[[#This Row],[SA-NR]] -> 9 | O11: =IF(Chronologie[[#This Row],[Datum]]="","",IF(TODAY()>=Chronologie[[#This Row],[Datum]],1,0)) -> 1 | P11: =IF(COUNTIFS(Eingabe[ID],Chronologie[[#This Row],[ID]],Eingabe[GES],">0")>=1,1,0) -> 1 | Q11: =IF(YEAR(Chronologie[[#This Row],[Datum]])=2025,WEEKNUM(Chronologie[[#This Row],[Datum]],2)-34,IF(YEAR(Chronologie[[#This Row],[Datum]])=2026,WEEKNUM(Chronologie[[#This Row],[Datum]],2)+18,"")) -> 16 | R11: =IF(Chronologie[[#This Row],[Gegner]]="","",VLOOKUP(Chronologie[[#This Row],[Gegner]],Orte[],5,FALSE)) -> Treuen | S11: =IF(Chronologie[[#This Row],[Gegner]]="","",IF(Chronologie[[#This Row],[H/A]]="H",4,VLOOKUP(Chronologie[[#This Row],[Gegner]],Orte[],6,FALSE))) -> 4 | T11: 13:00 Uhr | U11: =IFERROR(TIMEVALUE(LEFT(Chronologie[[#This Row],[Startzeit]],5)),"") -> 0.54166667 | V11: =IFERROR(TIMEVALUE(LEFT(Chronologie[[#This Row],[Startzeit]],5))+TIME(12/Chronologie[[#This Row],[Bahnen]],0,0),"") -> 0.66666667 | X11: Hohnstädter SV | Y11: Seumeparkweg 1, 04668 Hohnstädt | Z11: 4668 | AA11: =IF(Orte[[#This Row],[Anschrift]]="",Orte[[#This Row],[Kurzform]],RIGHT(Orte[[#This Row],[Anschrift]],LEN(Orte[[#This Row],[Anschrift]])-FIND("#",SUBSTITUTE(Orte[[#This Row],[Anschrift]]," ","#",LEN(Orte[[#This Row],[Anschrift]])-LEN(SUBSTITUTE(Orte[[#This Row],[Anschrift]]," ",)))))) -> Hohnstädt | AB11: Hohnstädt | AC11: 4
A12: =ROW(A12)-2 -> 10 | B12: Emelie Schiffel | C12: U14 | E12: =ROW(E12)-2 -> 10 | F12: =Chronologie[[#This Row],[Team]]&"-"&Chronologie[[#This Row],[L/P/E]]&"-"&Chronologie[[#This Row],[ST]] -> E-L-10 | G12: 46039 | H12: E | I12: L | J12: 10 | K12: TSV 90 Zwickau II | L12: =IF(Chronologie[[#This Row],[H/A]]="A",VLOOKUP(Chronologie[[#This Row],[Gegner]],Orte[],4,FALSE),IF(Chronologie[[#This Row],[H/A]]="H","Hirschfeld",Chronologie[[#This Row],[Gegner]])) -> Zwickau | M12: A | N12: =Chronologie[[#This Row],[SA-NR]] -> 10 | O12: =IF(Chronologie[[#This Row],[Datum]]="","",IF(TODAY()>=Chronologie[[#This Row],[Datum]],1,0)) -> 1 | P12: =IF(COUNTIFS(Eingabe[ID],Chronologie[[#This Row],[ID]],Eingabe[GES],">0")>=1,1,0) -> 1 | Q12: =IF(YEAR(Chronologie[[#This Row],[Datum]])=2025,WEEKNUM(Chronologie[[#This Row],[Datum]],2)-34,IF(YEAR(Chronologie[[#This Row],[Datum]])=2026,WEEKNUM(Chronologie[[#This Row],[Datum]],2)+18,"")) -> 21 | R12: =IF(Chronologie[[#This Row],[Gegner]]="","",VLOOKUP(Chronologie[[#This Row],[Gegner]],Orte[],5,FALSE)) -> Zwickau | S12: =IF(Chronologie[[#This Row],[Gegner]]="","",IF(Chronologie[[#This Row],[H/A]]="H",4,VLOOKUP(Chronologie[[#This Row],[Gegner]],Orte[],6,FALSE))) -> 6 | T12: 13:30 Uhr | U12: =IFERROR(TIMEVALUE(LEFT(Chronologie[[#This Row],[Startzeit]],5)),"") -> 0.5625 | V12: =IFERROR(TIMEVALUE(LEFT(Chronologie[[#This Row],[Startzeit]],5))+TIME(12/Chronologie[[#This Row],[Bahnen]],0,0),"") -> 0.64583333 | X12: KC "Gut Holz" Drebach | Y12: Hopfgartener Str. 38 D, 09430 Drebach / OT Scharfenstein | Z12: 9430 | AA12: =IF(Orte[[#This Row],[Anschrift]]="",Orte[[#This Row],[Kurzform]],RIGHT(Orte[[#This Row],[Anschrift]],LEN(Orte[[#This Row],[Anschrift]])-FIND("#",SUBSTITUTE(Orte[[#This Row],[Anschrift]]," ","#",LEN(Orte[[#This Row],[Anschrift]])-LEN(SUBSTITUTE(Orte[[#This Row],[Anschrift]]," ",)))))) -> Scharfenstein | AB12: Drebach | AC12: 2
A13: =ROW(A13)-2 -> 11 | B13: Emma Hettmann | C13: U19 | E13: =ROW(E13)-2 -> 11 | F13: =Chronologie[[#This Row],[Team]]&"-"&Chronologie[[#This Row],[L/P/E]]&"-"&Chronologie[[#This Row],[ST]] -> E-L-11 | G13: 46046 | H13: E | I13: L | J13: 11 | K13: SpG Großschirma/Brand-Erbisdorf | L13: =IF(Chronologie[[#This Row],[H/A]]="A",VLOOKUP(Chronologie[[#This Row],[Gegner]],Orte[],4,FALSE),IF(Chronologie[[#This Row],[H/A]]="H","Hirschfeld",Chronologie[[#This Row],[Gegner]])) -> Hirschfeld | M13: H | N13: =Chronologie[[#This Row],[SA-NR]] -> 11 | O13: =IF(Chronologie[[#This Row],[Datum]]="","",IF(TODAY()>=Chronologie[[#This Row],[Datum]],1,0)) -> 1 | P13: =IF(COUNTIFS(Eingabe[ID],Chronologie[[#This Row],[ID]],Eingabe[GES],">0")>=1,1,0) -> 1 | Q13: =IF(YEAR(Chronologie[[#This Row],[Datum]])=2025,WEEKNUM(Chronologie[[#This Row],[Datum]],2)-34,IF(YEAR(Chronologie[[#This Row],[Datum]])=2026,WEEKNUM(Chronologie[[#This Row],[Datum]],2)+18,"")) -> 22 | R13: =IF(Chronologie[[#This Row],[Gegner]]="","",VLOOKUP(Chronologie[[#This Row],[Gegner]],Orte[],5,FALSE)) -> Großschirma | S13: =IF(Chronologie[[#This Row],[Gegner]]="","",IF(Chronologie[[#This Row],[H/A]]="H",4,VLOOKUP(Chronologie[[#This Row],[Gegner]],Orte[],6,FALSE))) -> 4 | T13: 13:00 Uhr | U13: =IFERROR(TIMEVALUE(LEFT(Chronologie[[#This Row],[Startzeit]],5)),"") -> 0.54166667 | V13: =IFERROR(TIMEVALUE(LEFT(Chronologie[[#This Row],[Startzeit]],5))+TIME(12/Chronologie[[#This Row],[Bahnen]],0,0),"") -> 0.66666667 | X13: KC 69 Marienberg | Y13: Katharinenstraße 20b, 09496 Marienberg | Z13: 9496 | AA13: =IF(Orte[[#This Row],[Anschrift]]="",Orte[[#This Row],[Kurzform]],RIGHT(Orte[[#This Row],[Anschrift]],LEN(Orte[[#This Row],[Anschrift]])-FIND("#",SUBSTITUTE(Orte[[#This Row],[Anschrift]]," ","#",LEN(Orte[[#This Row],[Anschrift]])-LEN(SUBSTITUTE(Orte[[#This Row],[Anschrift]]," ",)))))) -> Marienberg | AB13: Marienberg | AC13: 2
A14: =ROW(A14)-2 -> 12 | B14: Erik Krutak | C14: Z | E14: =ROW(E14)-2 -> 12 | F14: =Chronologie[[#This Row],[Team]]&"-"&Chronologie[[#This Row],[L/P/E]]&"-"&Chronologie[[#This Row],[ST]] -> E-L-12 | G14: 46060 | H14: E | I14: L | J14: 12 | K14: SG Grün-Weiß Mehltheuer II | L14: =IF(Chronologie[[#This Row],[H/A]]="A",VLOOKUP(Chronologie[[#This Row],[Gegner]],Orte[],4,FALSE),IF(Chronologie[[#This Row],[H/A]]="H","Hirschfeld",Chronologie[[#This Row],[Gegner]])) -> Mehltheuer | M14: A | N14: =Chronologie[[#This Row],[SA-NR]] -> 12 | O14: =IF(Chronologie[[#This Row],[Datum]]="","",IF(TODAY()>=Chronologie[[#This Row],[Datum]],1,0)) -> 0 | P14: =IF(COUNTIFS(Eingabe[ID],Chronologie[[#This Row],[ID]],Eingabe[GES],">0")>=1,1,0) -> 0 | Q14: =IF(YEAR(Chronologie[[#This Row],[Datum]])=2025,WEEKNUM(Chronologie[[#This Row],[Datum]],2)-34,IF(YEAR(Chronologie[[#This Row],[Datum]])=2026,WEEKNUM(Chronologie[[#This Row],[Datum]],2)+18,"")) -> 24 | R14: =IF(Chronologie[[#This Row],[Gegner]]="","",VLOOKUP(Chronologie[[#This Row],[Gegner]],Orte[],5,FALSE)) -> Mehltheuer | S14: =IF(Chronologie[[#This Row],[Gegner]]="","",IF(Chronologie[[#This Row],[H/A]]="H",4,VLOOKUP(Chronologie[[#This Row],[Gegner]],Orte[],6,FALSE))) -> 4 | T14: 13:00 Uhr | U14: =IFERROR(TIMEVALUE(LEFT(Chronologie[[#This Row],[Startzeit]],5)),"") -> 0.54166667 | V14: =IFERROR(TIMEVALUE(LEFT(Chronologie[[#This Row],[Startzeit]],5))+TIME(12/Chronologie[[#This Row],[Bahnen]],0,0),"") -> 0.66666667 | X14: Kirchberger KV 1845 | Y14: Marienthaler Str. 120, 08060 Zwickau | Z14: 8060 | AA14: =IF(Orte[[#This Row],[Anschrift]]="",Orte[[#This Row],[Kurzform]],RIGHT(Orte[[#This Row],[Anschrift]],LEN(Orte[[#This Row],[Anschrift]])-FIND("#",SUBSTITUTE(Orte[[#This Row],[Anschrift]]," ","#",LEN(Orte[[#This Row],[Anschrift]])-LEN(SUBSTITUTE(Orte[[#This Row],[Anschrift]]," ",)))))) -> Zwickau | AB14: Kirchberg | AC14: 4
... A26: =ROW(A26)-2 -> 24 | B26: Luca Landau | C26: D | E26: =ROW(E26)-2 -> 24 | F26: =Chronologie[[#This Row],[Team]]&"-"&Chronologie[[#This Row],[L/P/E]]&"-"&Chronologie[[#This Row],[ST]] -> F-L-6 | G26: 45991 | H26: F | I26: L | J26: 6 | K26: ISG Hagenwerder | L26: =IF(Chronologie[[#This Row],[H/A]]="A",VLOOKUP(Chronologie[[#This Row],[Gegner]],Orte[],4,FALSE),IF(Chronologie[[#This Row],[H/A]]="H","Hirschfeld",Chronologie[[#This Row],[Gegner]])) -> Hagenwerder | M26: A | N26: =Chronologie[[#This Row],[SA-NR]] -> 24 | O26: =IF(Chronologie[[#This Row],[Datum]]="","",IF(TODAY()>=Chronologie[[#This Row],[Datum]],1,0)) -> 1 | P26: =IF(COUNTIFS(Eingabe[ID],Chronologie[[#This Row],[ID]],Eingabe[GES],">0")>=1,1,0) -> 1 | Q26: =IF(YEAR(Chronologie[[#This Row],[Datum]])=2025,WEEKNUM(Chronologie[[#This Row],[Datum]],2)-34,IF(YEAR(Chronologie[[#This Row],[Datum]])=2026,WEEKNUM(Chronologie[[#This Row],[Datum]],2)+18,"")) -> 14 | R26: =IF(Chronologie[[#This Row],[Gegner]]="","",VLOOKUP(Chronologie[[#This Row],[Gegner]],Orte[],5,FALSE)) -> Hagenwerder | S26: =IF(Chronologie[[#This Row],[Gegner]]="","",IF(Chronologie[[#This Row],[H/A]]="H",4,VLOOKUP(Chronologie[[#This Row],[Gegner]],Orte[],6,FALSE))) -> 4 | T26: 09:15 Uhr | U26: =IFERROR(TIMEVALUE(LEFT(Chronologie[[#This Row],[Startzeit]],5)),"") -> 0.38541667 | V26: =IFERROR(TIMEVALUE(LEFT(Chronologie[[#This Row],[Startzeit]],5))+TIME(12/Chronologie[[#This Row],[Bahnen]],0,0),"") -> 0.51041667 | X26: KSV Pockau-Lengefeld | Y26: Feldstraße 44, 09514 Pockau-Lengefeld | Z26: 9514 | AA26: =IF(Orte[[#This Row],[Anschrift]]="",Orte[[#This Row],[Kurzform]],RIGHT(Orte[[#This Row],[Anschrift]],LEN(Orte[[#This Row],[Anschrift]])-FIND("#",SUBSTITUTE(Orte[[#This Row],[Anschrift]]," ","#",LEN(Orte[[#This Row],[Anschrift]])-LEN(SUBSTITUTE(Orte[[#This Row],[Anschrift]]," ",)))))) -> Pockau-Lengefeld | AB26: Pockau | AC26: 4
A27: =ROW(A27)-2 -> 25 | B27: Madlen Baumgarten | C27: F | E27: =ROW(E27)-2 -> 25 | F27: =Chronologie[[#This Row],[Team]]&"-"&Chronologie[[#This Row],[L/P/E]]&"-"&Chronologie[[#This Row],[ST]] -> F-L-7 | H27: F | I27: L | J27: 7 | L27: =IF(Chronologie[[#This Row],[H/A]]="A",VLOOKUP(Chronologie[[#This Row],[Gegner]],Orte[],4,FALSE),IF(Chronologie[[#This Row],[H/A]]="H","Hirschfeld",Chronologie[[#This Row],[Gegner]])) -> 0 | N27: =Chronologie[[#This Row],[SA-NR]] -> 25 | O27: =IF(Chronologie[[#This Row],[Datum]]="","",IF(TODAY()>=Chronologie[[#This Row],[Datum]],1,0)) | P27: =IF(COUNTIFS(Eingabe[ID],Chronologie[[#This Row],[ID]],Eingabe[GES],">0")>=1,1,0) -> 0 | Q27: =IF(YEAR(Chronologie[[#This Row],[Datum]])=2025,WEEKNUM(Chronologie[[#This Row],[Datum]],2)-34,IF(YEAR(Chronologie[[#This Row],[Datum]])=2026,WEEKNUM(Chronologie[[#This Row],[Datum]],2)+18,"")) | R27: =IF(Chronologie[[#This Row],[Gegner]]="","",VLOOKUP(Chronologie[[#This Row],[Gegner]],Orte[],5,FALSE)) | S27: =IF(Chronologie[[#This Row],[Gegner]]="","",IF(Chronologie[[#This Row],[H/A]]="H",4,VLOOKUP(Chronologie[[#This Row],[Gegner]],Orte[],6,FALSE))) | U27: =IFERROR(TIMEVALUE(LEFT(Chronologie[[#This Row],[Startzeit]],5)),"") | V27: =IFERROR(TIMEVALUE(LEFT(Chronologie[[#This Row],[Startzeit]],5))+TIME(12/Chronologie[[#This Row],[Bahnen]],0,0),"") | X27: KV 1912 Falkenstein | Y27: Rathenaustraße 9, 08223 Falkenstein/Vogtland | Z27: 8223 | AA27: =IF(Orte[[#This Row],[Anschrift]]="",Orte[[#This Row],[Kurzform]],RIGHT(Orte[[#This Row],[Anschrift]],LEN(Orte[[#This Row],[Anschrift]])-FIND("#",SUBSTITUTE(Orte[[#This Row],[Anschrift]]," ","#",LEN(Orte[[#This Row],[Anschrift]])-LEN(SUBSTITUTE(Orte[[#This Row],[Anschrift]]," ",)))))) -> Falkenstein/Vogtland | AB27: Falkenstein | AC27: 4
A28: =ROW(A28)-2 -> 26 | B28: Maik Fuhrmann | C28: E | E28: =ROW(E28)-2 -> 26 | F28: =Chronologie[[#This Row],[Team]]&"-"&Chronologie[[#This Row],[L/P/E]]&"-"&Chronologie[[#This Row],[ST]] -> F-L-8 | G28: 46040 | H28: F | I28: L | J28: 8 | K28: Dresdner SV II | L28: =IF(Chronologie[[#This Row],[H/A]]="A",VLOOKUP(Chronologie[[#This Row],[Gegner]],Orte[],4,FALSE),IF(Chronologie[[#This Row],[H/A]]="H","Hirschfeld",Chronologie[[#This Row],[Gegner]])) -> Hirschfeld | M28: H | N28: =Chronologie[[#This Row],[SA-NR]] -> 26 | O28: =IF(Chronologie[[#This Row],[Datum]]="","",IF(TODAY()>=Chronologie[[#This Row],[Datum]],1,0)) -> 1 | P28: =IF(COUNTIFS(Eingabe[ID],Chronologie[[#This Row],[ID]],Eingabe[GES],">0")>=1,1,0) -> 1 | Q28: =IF(YEAR(Chronologie[[#This Row],[Datum]])=2025,WEEKNUM(Chronologie[[#This Row],[Datum]],2)-34,IF(YEAR(Chronologie[[#This Row],[Datum]])=2026,WEEKNUM(Chronologie[[#This Row],[Datum]],2)+18,"")) -> 21 | R28: =IF(Chronologie[[#This Row],[Gegner]]="","",VLOOKUP(Chronologie[[#This Row],[Gegner]],Orte[],5,FALSE)) -> DD SV II | S28: =IF(Chronologie[[#This Row],[Gegner]]="","",IF(Chronologie[[#This Row],[H/A]]="H",4,VLOOKUP(Chronologie[[#This Row],[Gegner]],Orte[],6,FALSE))) -> 4 | T28: 09:00 Uhr | U28: =IFERROR(TIMEVALUE(LEFT(Chronologie[[#This Row],[Startzeit]],5)),"") -> 0.375 | V28: =IFERROR(TIMEVALUE(LEFT(Chronologie[[#This Row],[Startzeit]],5))+TIME(12/Chronologie[[#This Row],[Bahnen]],0,0),"") -> 0.5 | X28: KV Bautzen | Y28: Thomas – Mann – Str. 7, 02625 Bautzen | Z28: 2625 | AA28: =IF(Orte[[#This Row],[Anschrift]]="",Orte[[#This Row],[Kurzform]],RIGHT(Orte[[#This Row],[Anschrift]],LEN(Orte[[#This Row],[Anschrift]])-FIND("#",SUBSTITUTE(Orte[[#This Row],[Anschrift]]," ","#",LEN(Orte[[#This Row],[Anschrift]])-LEN(SUBSTITUTE(Orte[[#This Row],[Anschrift]]," ",)))))) -> Bautzen | AB28: KV Bautzen | AC28: 4
A29: =ROW(A29)-2 -> 27 | B29: Marcel Giese | C29: D | E29: =ROW(E29)-2 -> 27 | F29: =Chronologie[[#This Row],[Team]]&"-"&Chronologie[[#This Row],[L/P/E]]&"-"&Chronologie[[#This Row],[ST]] -> F-L-9 | G29: 46047 | H29: F | I29: L | J29: 9 | K29: Thonberger SC 1931 | L29: =IF(Chronologie[[#This Row],[H/A]]="A",VLOOKUP(Chronologie[[#This Row],[Gegner]],Orte[],4,FALSE),IF(Chronologie[[#This Row],[H/A]]="H","Hirschfeld",Chronologie[[#This Row],[Gegner]])) -> Kamenz | M29: A | N29: =Chronologie[[#This Row],[SA-NR]] -> 27 | O29: =IF(Chronologie[[#This Row],[Datum]]="","",IF(TODAY()>=Chronologie[[#This Row],[Datum]],1,0)) -> 1 | P29: =IF(COUNTIFS(Eingabe[ID],Chronologie[[#This Row],[ID]],Eingabe[GES],">0")>=1,1,0) -> 1 | Q29: =IF(YEAR(Chronologie[[#This Row],[Datum]])=2025,WEEKNUM(Chronologie[[#This Row],[Datum]],2)-34,IF(YEAR(Chronologie[[#This Row],[Datum]])=2026,WEEKNUM(Chronologie[[#This Row],[Datum]],2)+18,"")) -> 22 | R29: =IF(Chronologie[[#This Row],[Gegner]]="","",VLOOKUP(Chronologie[[#This Row],[Gegner]],Orte[],5,FALSE)) -> Thonberg | S29: =IF(Chronologie[[#This Row],[Gegner]]="","",IF(Chronologie[[#This Row],[H/A]]="H",4,VLOOKUP(Chronologie[[#This Row],[Gegner]],Orte[],6,FALSE))) -> 4 | T29: 09:15 Uhr | U29: =IFERROR(TIMEVALUE(LEFT(Chronologie[[#This Row],[Startzeit]],5)),"") -> 0.38541667 | V29: =IFERROR(TIMEVALUE(LEFT(Chronologie[[#This Row],[Startzeit]],5))+TIME(12/Chronologie[[#This Row],[Bahnen]],0,0),"") -> 0.51041667 | X29: KV Blau-Weiß Lumpen 1896 Cranzahl | Y29: Turnerheimstraße 3, 09465 Sehmatal-Cranzahl | Z29: 9465 | AA29: =IF(Orte[[#This Row],[Anschrift]]="",Orte[[#This Row],[Kurzform]],RIGHT(Orte[[#This Row],[Anschrift]],LEN(Orte[[#This Row],[Anschrift]])-FIND("#",SUBSTITUTE(Orte[[#This Row],[Anschrift]]," ","#",LEN(Orte[[#This Row],[Anschrift]])-LEN(SUBSTITUTE(Orte[[#This Row],[Anschrift]]," ",)))))) -> Sehmatal-Cranzahl | AB29: Cranzahl | AC29: 4
A30: =ROW(A30)-2 -> 28 | B30: Mario Hägemann | C30: Z | E30: =ROW(E30)-2 -> 28 | F30: =Chronologie[[#This Row],[Team]]&"-"&Chronologie[[#This Row],[L/P/E]]&"-"&Chronologie[[#This Row],[ST]] -> F-L-10 | G30: 46075 | H30: F | I30: L | J30: 10 | K30: KSV Dresden-Leuben | L30: =IF(Chronologie[[#This Row],[H/A]]="A",VLOOKUP(Chronologie[[#This Row],[Gegner]],Orte[],4,FALSE),IF(Chronologie[[#This Row],[H/A]]="H","Hirschfeld",Chronologie[[#This Row],[Gegner]])) -> Hirschfeld | M30: H | N30: =Chronologie[[#This Row],[SA-NR]] -> 28 | O30: =IF(Chronologie[[#This Row],[Datum]]="","",IF(TODAY()>=Chronologie[[#This Row],[Datum]],1,0)) -> 0 | P30: =IF(COUNTIFS(Eingabe[ID],Chronologie[[#This Row],[ID]],Eingabe[GES],">0")>=1,1,0) -> 0 | Q30: =IF(YEAR(Chronologie[[#This Row],[Datum]])=2025,WEEKNUM(Chronologie[[#This Row],[Datum]],2)-34,IF(YEAR(Chronologie[[#This Row],[Datum]])=2026,WEEKNUM(Chronologie[[#This Row],[Datum]],2)+18,"")) -> 26 | R30: =IF(Chronologie[[#This Row],[Gegner]]="","",VLOOKUP(Chronologie[[#This Row],[Gegner]],Orte[],5,FALSE)) -> DD Leuben | S30: =IF(Chronologie[[#This Row],[Gegner]]="","",IF(Chronologie[[#This Row],[H/A]]="H",4,VLOOKUP(Chronologie[[#This Row],[Gegner]],Orte[],6,FALSE))) -> 4 | T30: 09:30 Uhr | U30: =IFERROR(TIMEVALUE(LEFT(Chronologie[[#This Row],[Startzeit]],5)),"") -> 0.39583333 | V30: =IFERROR(TIMEVALUE(LEFT(Chronologie[[#This Row],[Startzeit]],5))+TIME(12/Chronologie[[#This Row],[Bahnen]],0,0),"") -> 0.52083333 | X30: KV Reinsdorf | Y30: Schachtstraße 9, 08141 Reinsdorf | Z30: 8141 | AA30: =IF(Orte[[#This Row],[Anschrift]]="",Orte[[#This Row],[Kurzform]],RIGHT(Orte[[#This Row],[Anschrift]],LEN(Orte[[#This Row],[Anschrift]])-FIND("#",SUBSTITUTE(Orte[[#This Row],[Anschrift]]," ","#",LEN(Orte[[#This Row],[Anschrift]])-LEN(SUBSTITUTE(Orte[[#This Row],[Anschrift]]," ",)))))) -> Reinsdorf | AB30: Reinsdorf | AC30: 4
A31: =ROW(A31)-2 -> 29 | B31: Markus Unvericht | C31: D | E31: =ROW(E31)-2 -> 29 | F31: =Chronologie[[#This Row],[Team]]&"-"&Chronologie[[#This Row],[L/P/E]]&"-"&Chronologie[[#This Row],[ST]] -> F-L-11 | G31: 46082 | H31: F | I31: L | J31: 11 | K31: KSV 66 Steinitz | L31: =IF(Chronologie[[#This Row],[H/A]]="A",VLOOKUP(Chronologie[[#This Row],[Gegner]],Orte[],4,FALSE),IF(Chronologie[[#This Row],[H/A]]="H","Hirschfeld",Chronologie[[#This Row],[Gegner]])) -> Königswartha | M31: A | N31: =Chronologie[[#This Row],[SA-NR]] -> 29 | O31: =IF(Chronologie[[#This Row],[Datum]]="","",IF(TODAY()>=Chronologie[[#This Row],[Datum]],1,0)) -> 0 | P31: =IF(COUNTIFS(Eingabe[ID],Chronologie[[#This Row],[ID]],Eingabe[GES],">0")>=1,1,0) -> 0 | Q31: =IF(YEAR(Chronologie[[#This Row],[Datum]])=2025,WEEKNUM(Chronologie[[#This Row],[Datum]],2)-34,IF(YEAR(Chronologie[[#This Row],[Datum]])=2026,WEEKNUM(Chronologie[[#This Row],[Datum]],2)+18,"")) -> 27 | R31: =IF(Chronologie[[#This Row],[Gegner]]="","",VLOOKUP(Chronologie[[#This Row],[Gegner]],Orte[],5,FALSE)) -> Steinitz | S31: =IF(Chronologie[[#This Row],[Gegner]]="","",IF(Chronologie[[#This Row],[H/A]]="H",4,VLOOKUP(Chronologie[[#This Row],[Gegner]],Orte[],6,FALSE))) -> 4 | T31: 09:15 Uhr | U31: =IFERROR(TIMEVALUE(LEFT(Chronologie[[#This Row],[Startzeit]],5)),"") -> 0.38541667 | V31: =IFERROR(TIMEVALUE(LEFT(Chronologie[[#This Row],[Startzeit]],5))+TIME(12/Chronologie[[#This Row],[Bahnen]],0,0),"") -> 0.51041667 | X31: Lorsch | Y31: Sachsenbuckelstraße 1, 64653 Lorsch | Z31: 64653 | AA31: =IF(Orte[[#This Row],[Anschrift]]="",Orte[[#This Row],[Kurzform]],RIGHT(Orte[[#This Row],[Anschrift]],LEN(Orte[[#This Row],[Anschrift]])-FIND("#",SUBSTITUTE(Orte[[#This Row],[Anschrift]]," ","#",LEN(Orte[[#This Row],[Anschrift]])-LEN(SUBSTITUTE(Orte[[#This Row],[Anschrift]]," ",)))))) -> Lorsch | AB31: Lorsch | AC31: 8
A32: =ROW(A32)-2 -> 30 | B32: Martin Börner | C32: Z | E32: =ROW(E32)-2 -> 30 | F32: =Chronologie[[#This Row],[Team]]&"-"&Chronologie[[#This Row],[L/P/E]]&"-"&Chronologie[[#This Row],[ST]] -> F-L-12 | G32: 46096 | H32: F | I32: L | J32: 12 | K32: KSC Stahl Rietschen | L32: =IF(Chronologie[[#This Row],[H/A]]="A",VLOOKUP(Chronologie[[#This Row],[Gegner]],Orte[],4,FALSE),IF(Chronologie[[#This Row],[H/A]]="H","Hirschfeld",Chronologie[[#This Row],[Gegner]])) -> Hirschfeld | M32: H | N32: =Chronologie[[#This Row],[SA-NR]] -> 30 | O32: =IF(Chronologie[[#This Row],[Datum]]="","",IF(TODAY()>=Chronologie[[#This Row],[Datum]],1,0)) -> 0 | P32: =IF(COUNTIFS(Eingabe[ID],Chronologie[[#This Row],[ID]],Eingabe[GES],">0")>=1,1,0) -> 0 | Q32: =IF(YEAR(Chronologie[[#This Row],[Datum]])=2025,WEEKNUM(Chronologie[[#This Row],[Datum]],2)-34,IF(YEAR(Chronologie[[#This Row],[Datum]])=2026,WEEKNUM(Chronologie[[#This Row],[Datum]],2)+18,"")) -> 29 | R32: =IF(Chronologie[[#This Row],[Gegner]]="","",VLOOKUP(Chronologie[[#This Row],[Gegner]],Orte[],5,FALSE)) -> Rietschen | S32: =IF(Chronologie[[#This Row],[Gegner]]="","",IF(Chronologie[[#This Row],[H/A]]="H",4,VLOOKUP(Chronologie[[#This Row],[Gegner]],Orte[],6,FALSE))) -> 4 | T32: 09:00 Uhr | U32: =IFERROR(TIMEVALUE(LEFT(Chronologie[[#This Row],[Startzeit]],5)),"") -> 0.375 | V32: =IFERROR(TIMEVALUE(LEFT(Chronologie[[#This Row],[Startzeit]],5))+TIME(12/Chronologie[[#This Row],[Bahnen]],0,0),"") -> 0.5 | X32: Lößnitzer SV 1847 | Y32: Ringstraße 15, 08294 Lößnitz | Z32: 8294 | AA32: =IF(Orte[[#This Row],[Anschrift]]="",Orte[[#This Row],[Kurzform]],RIGHT(Orte[[#This Row],[Anschrift]],LEN(Orte[[#This Row],[Anschrift]])-FIND("#",SUBSTITUTE(Orte[[#This Row],[Anschrift]]," ","#",LEN(Orte[[#This Row],[Anschrift]])-LEN(SUBSTITUTE(Orte[[#This Row],[Anschrift]]," ",)))))) -> Lößnitz | AB32: Lößnitz | AC32: 2
A33: =ROW(A33)-2 -> 31 | B33: Max Dost | C33: D | E33: =ROW(E33)-2 -> 31 | F33: =Chronologie[[#This Row],[Team]]&"-"&Chronologie[[#This Row],[L/P/E]]&"-"&Chronologie[[#This Row],[ST]] -> F-L-13 | G33: 46103 | H33: F | I33: L | J33: 13 | K33: ISG Hagenwerder | L33: =IF(Chronologie[[#This Row],[H/A]]="A",VLOOKUP(Chronologie[[#This Row],[Gegner]],Orte[],4,FALSE),IF(Chronologie[[#This Row],[H/A]]="H","Hirschfeld",Chronologie[[#This Row],[Gegner]])) -> Hirschfeld | M33: H | N33: =Chronologie[[#This Row],[SA-NR]] -> 31 | O33: =IF(Chronologie[[#This Row],[Datum]]="","",IF(TODAY()>=Chronologie[[#This Row],[Datum]],1,0)) -> 0 | P33: =IF(COUNTIFS(Eingabe[ID],Chronologie[[#This Row],[ID]],Eingabe[GES],">0")>=1,1,0) -> 0 | Q33: =IF(YEAR(Chronologie[[#This Row],[Datum]])=2025,WEEKNUM(Chronologie[[#This Row],[Datum]],2)-34,IF(YEAR(Chronologie[[#This Row],[Datum]])=2026,WEEKNUM(Chronologie[[#This Row],[Datum]],2)+18,"")) -> 30 | R33: =IF(Chronologie[[#This Row],[Gegner]]="","",VLOOKUP(Chronologie[[#This Row],[Gegner]],Orte[],5,FALSE)) -> Hagenwerder | S33: =IF(Chronologie[[#This Row],[Gegner]]="","",IF(Chronologie[[#This Row],[H/A]]="H",4,VLOOKUP(Chronologie[[#This Row],[Gegner]],Orte[],6,FALSE))) -> 4 | T33: 09:00 Uhr | U33: =IFERROR(TIMEVALUE(LEFT(Chronologie[[#This Row],[Startzeit]],5)),"") -> 0.375 | V33: =IFERROR(TIMEVALUE(LEFT(Chronologie[[#This Row],[Startzeit]],5))+TIME(12/Chronologie[[#This Row],[Bahnen]],0,0),"") -> 0.5 | X33: Neustädtler SV | Y33: Fürstenplatz 5, 08289 Schneeberg | Z33: 8289 | AA33: =IF(Orte[[#This Row],[Anschrift]]="",Orte[[#This Row],[Kurzform]],RIGHT(Orte[[#This Row],[Anschrift]],LEN(Orte[[#This Row],[Anschrift]])-FIND("#",SUBSTITUTE(Orte[[#This Row],[Anschrift]]," ","#",LEN(Orte[[#This Row],[Anschrift]])-LEN(SUBSTITUTE(Orte[[#This Row],[Anschrift]]," ",)))))) -> Schneeberg | AB33: Neustädtl | AC33: 4
A34: =ROW(A34)-2 -> 32 | B34: Michael Becker | C34: D | E34: =ROW(E34)-2 -> 32 | F34: =Chronologie[[#This Row],[Team]]&"-"&Chronologie[[#This Row],[L/P/E]]&"-"&Chronologie[[#This Row],[ST]] -> F-L-14 | H34: F | I34: L | J34: 14 | L34: =IF(Chronologie[[#This Row],[H/A]]="A",VLOOKUP(Chronologie[[#This Row],[Gegner]],Orte[],4,FALSE),IF(Chronologie[[#This Row],[H/A]]="H","Hirschfeld",Chronologie[[#This Row],[Gegner]])) -> 0 | N34: =Chronologie[[#This Row],[SA-NR]] -> 32 | O34: =IF(Chronologie[[#This Row],[Datum]]="","",IF(TODAY()>=Chronologie[[#This Row],[Datum]],1,0)) | P34: =IF(COUNTIFS(Eingabe[ID],Chronologie[[#This Row],[ID]],Eingabe[GES],">0")>=1,1,0) -> 0 | Q34: =IF(YEAR(Chronologie[[#This Row],[Datum]])=2025,WEEKNUM(Chronologie[[#This Row],[Datum]],2)-34,IF(YEAR(Chronologie[[#This Row],[Datum]])=2026,WEEKNUM(Chronologie[[#This Row],[Datum]],2)+18,"")) | R34: =IF(Chronologie[[#This Row],[Gegner]]="","",VLOOKUP(Chronologie[[#This Row],[Gegner]],Orte[],5,FALSE)) | S34: =IF(Chronologie[[#This Row],[Gegner]]="","",IF(Chronologie[[#This Row],[H/A]]="H",4,VLOOKUP(Chronologie[[#This Row],[Gegner]],Orte[],6,FALSE))) | U34: =IFERROR(TIMEVALUE(LEFT(Chronologie[[#This Row],[Startzeit]],5)),"") | V34: =IFERROR(TIMEVALUE(LEFT(Chronologie[[#This Row],[Startzeit]],5))+TIME(12/Chronologie[[#This Row],[Bahnen]],0,0),"") | X34: SV Siltronic Freiberg | Y34: Berthelsdorfer Str. 113, 09599 Freiberg | Z34: 9599 | AA34: =IF(Orte[[#This Row],[Anschrift]]="",Orte[[#This Row],[Kurzform]],RIGHT(Orte[[#This Row],[Anschrift]],LEN(Orte[[#This Row],[Anschrift]])-FIND("#",SUBSTITUTE(Orte[[#This Row],[Anschrift]]," ","#",LEN(Orte[[#This Row],[Anschrift]])-LEN(SUBSTITUTE(Orte[[#This Row],[Anschrift]]," ",)))))) -> Freiberg | AB34: Freiberg | AC34: 2
A35: =ROW(A35)-2 -> 33 | B35: Michael Klose | C35: D | E35: =ROW(E35)-2 -> 33 | F35: =Chronologie[[#This Row],[Team]]&"-"&Chronologie[[#This Row],[L/P/E]]&"-"&Chronologie[[#This Row],[ST]] -> U19-L-1 | G35: 45892 | H35: U19 | I35: L | J35: 1 | K35: SV Fortschritt Pirna | L35: =IF(Chronologie[[#This Row],[H/A]]="A",VLOOKUP(Chronologie[[#This Row],[Gegner]],Orte[],4,FALSE),IF(Chronologie[[#This Row],[H/A]]="H","Hirschfeld",Chronologie[[#This Row],[Gegner]])) -> Pirna | M35: A | N35: =Chronologie[[#This Row],[SA-NR]] -> 33 | O35: =IF(Chronologie[[#This Row],[Datum]]="","",IF(TODAY()>=Chronologie[[#This Row],[Datum]],1,0)) -> 1 | P35: =IF(COUNTIFS(Eingabe[ID],Chronologie[[#This Row],[ID]],Eingabe[GES],">0")>=1,1,0) -> 1 | Q35: =IF(YEAR(Chronologie[[#This Row],[Datum]])=2025,WEEKNUM(Chronologie[[#This Row],[Datum]],2)-34,IF(YEAR(Chronologie[[#This Row],[Datum]])=2026,WEEKNUM(Chronologie[[#This Row],[Datum]],2)+18,"")) -> 0 | R35: =IF(Chronologie[[#This Row],[Gegner]]="","",VLOOKUP(Chronologie[[#This Row],[Gegner]],Orte[],5,FALSE)) -> Pirna | S35: =IF(Chronologie[[#This Row],[Gegner]]="","",IF(Chronologie[[#This Row],[H/A]]="H",4,VLOOKUP(Chronologie[[#This Row],[Gegner]],Orte[],6,FALSE))) -> 4 | T35: 13:00 Uhr | U35: =IFERROR(TIMEVALUE(LEFT(Chronologie[[#This Row],[Startzeit]],5)),"") -> 0.54166667 | V35: =IFERROR(TIMEVALUE(LEFT(Chronologie[[#This Row],[Startzeit]],5))+TIME(12/Chronologie[[#This Row],[Bahnen]],0,0),"") -> 0.66666667 | X35: SC Großschweidnitz/Löbau | Y35: Dr.-Max-Krell-Park, 02708 Großschweidnitz | Z35: 2708 | AA35: =IF(Orte[[#This Row],[Anschrift]]="",Orte[[#This Row],[Kurzform]],RIGHT(Orte[[#This Row],[Anschrift]],LEN(Orte[[#This Row],[Anschrift]])-FIND("#",SUBSTITUTE(Orte[[#This Row],[Anschrift]]," ","#",LEN(Orte[[#This Row],[Anschrift]])-LEN(SUBSTITUTE(Orte[[#This Row],[Anschrift]]," ",)))))) -> Großschweidnitz | AB35: Großschw. | AC35: 4
A36: =ROW(A36)-2 -> 34 | B36: Mick Becker | C36: Z | E36: =ROW(E36)-2 -> 34 | F36: =Chronologie[[#This Row],[Team]]&"-"&Chronologie[[#This Row],[L/P/E]]&"-"&Chronologie[[#This Row],[ST]] -> U19-L-2 | G36: 45899 | H36: U19 | I36: L | J36: 2 | K36: MSV Bautzen 04 | L36: =IF(Chronologie[[#This Row],[H/A]]="A",VLOOKUP(Chronologie[[#This Row],[Gegner]],Orte[],4,FALSE),IF(Chronologie[[#This Row],[H/A]]="H","Hirschfeld",Chronologie[[#This Row],[Gegner]])) -> Bautzen | M36: A | N36: =Chronologie[[#This Row],[SA-NR]] -> 34 | O36: =IF(Chronologie[[#This Row],[Datum]]="","",IF(TODAY()>=Chronologie[[#This Row],[Datum]],1,0)) -> 1 | P36: =IF(COUNTIFS(Eingabe[ID],Chronologie[[#This Row],[ID]],Eingabe[GES],">0")>=1,1,0) -> 1 | Q36: =IF(YEAR(Chronologie[[#This Row],[Datum]])=2025,WEEKNUM(Chronologie[[#This Row],[Datum]],2)-34,IF(YEAR(Chronologie[[#This Row],[Datum]])=2026,WEEKNUM(Chronologie[[#This Row],[Datum]],2)+18,"")) -> 1 | R36: =IF(Chronologie[[#This Row],[Gegner]]="","",VLOOKUP(Chronologie[[#This Row],[Gegner]],Orte[],5,FALSE)) -> MSV Bautzen | S36: =IF(Chronologie[[#This Row],[Gegner]]="","",IF(Chronologie[[#This Row],[H/A]]="H",4,VLOOKUP(Chronologie[[#This Row],[Gegner]],Orte[],6,FALSE))) -> 4 | T36: 13:00 Uhr | U36: =IFERROR(TIMEVALUE(LEFT(Chronologie[[#This Row],[Startzeit]],5)),"") -> 0.54166667 | V36: =IFERROR(TIMEVALUE(LEFT(Chronologie[[#This Row],[Startzeit]],5))+TIME(12/Chronologie[[#This Row],[Bahnen]],0,0),"") -> 0.66666667 | X36: SC Riesa | Y36: Kolonie 11, 01587 Riesa | Z36: 1587 | AA36: =IF(Orte[[#This Row],[Anschrift]]="",Orte[[#This Row],[Kurzform]],RIGHT(Orte[[#This Row],[Anschrift]],LEN(Orte[[#This Row],[Anschrift]])-FIND("#",SUBSTITUTE(Orte[[#This Row],[Anschrift]]," ","#",LEN(Orte[[#This Row],[Anschrift]])-LEN(SUBSTITUTE(Orte[[#This Row],[Anschrift]]," ",)))))) -> Riesa | AB36: Riesa | AC36: 4
A37: =ROW(A37)-2 -> 35 | B37: Olaf Kurtze | C37: Z | E37: =ROW(E37)-2 -> 35 | F37: =Chronologie[[#This Row],[Team]]&"-"&Chronologie[[#This Row],[L/P/E]]&"-"&Chronologie[[#This Row],[ST]] -> U19-L-3 | G37: 45920 | H37: U19 | I37: L | J37: 3 | K37: Hirschfelder SV | L37: =IF(Chronologie[[#This Row],[H/A]]="A",VLOOKUP(Chronologie[[#This Row],[Gegner]],Orte[],4,FALSE),IF(Chronologie[[#This Row],[H/A]]="H","Hirschfeld",Chronologie[[#This Row],[Gegner]])) -> Hirschfeld | M37: H | N37: =Chronologie[[#This Row],[SA-NR]] -> 35 | O37: =IF(Chronologie[[#This Row],[Datum]]="","",IF(TODAY()>=Chronologie[[#This Row],[Datum]],1,0)) -> 1 | P37: =IF(COUNTIFS(Eingabe[ID],Chronologie[[#This Row],[ID]],Eingabe[GES],">0")>=1,1,0) -> 1 | Q37: =IF(YEAR(Chronologie[[#This Row],[Datum]])=2025,WEEKNUM(Chronologie[[#This Row],[Datum]],2)-34,IF(YEAR(Chronologie[[#This Row],[Datum]])=2026,WEEKNUM(Chronologie[[#This Row],[Datum]],2)+18,"")) -> 4 | R37: =IF(Chronologie[[#This Row],[Gegner]]="","",VLOOKUP(Chronologie[[#This Row],[Gegner]],Orte[],5,FALSE)) -> HSV | S37: =IF(Chronologie[[#This Row],[Gegner]]="","",IF(Chronologie[[#This Row],[H/A]]="H",4,VLOOKUP(Chronologie[[#This Row],[Gegner]],Orte[],6,FALSE))) -> 4 | T37: 13:00 Uhr | U37: =IFERROR(TIMEVALUE(LEFT(Chronologie[[#This Row],[Startzeit]],5)),"") -> 0.54166667 | V37: =IFERROR(TIMEVALUE(LEFT(Chronologie[[#This Row],[Startzeit]],5))+TIME(12/Chronologie[[#This Row],[Bahnen]],0,0),"") -> 0.66666667 | X37: SG Grün-Weiß Mehltheuer II | Y37: Am Sportplatz 1, 08539 Mehltheuer | Z37: 8539 | AA37: =IF(Orte[[#This Row],[Anschrift]]="",Orte[[#This Row],[Kurzform]],RIGHT(Orte[[#This Row],[Anschrift]],LEN(Orte[[#This Row],[Anschrift]])-FIND("#",SUBSTITUTE(Orte[[#This Row],[Anschrift]]," ","#",LEN(Orte[[#This Row],[Anschrift]])-LEN(SUBSTITUTE(Orte[[#This Row],[Anschrift]]," ",)))))) -> Mehltheuer | AB37: Mehltheuer | AC37: 4
A38: =ROW(A38)-2 -> 36 | B38: Patrick Frenzel | C38: D | E38: =ROW(E38)-2 -> 36 | F38: =Chronologie[[#This Row],[Team]]&"-"&Chronologie[[#This Row],[L/P/E]]&"-"&Chronologie[[#This Row],[ST]] -> U19-L-4 | H38: U19 | I38: L | J38: 4 | L38: =IF(Chronologie[[#This Row],[H/A]]="A",VLOOKUP(Chronologie[[#This Row],[Gegner]],Orte[],4,FALSE),IF(Chronologie[[#This Row],[H/A]]="H","Hirschfeld",Chronologie[[#This Row],[Gegner]])) -> 0 | N38: =Chronologie[[#This Row],[SA-NR]] -> 36 | O38: =IF(Chronologie[[#This Row],[Datum]]="","",IF(TODAY()>=Chronologie[[#This Row],[Datum]],1,0)) | P38: =IF(COUNTIFS(Eingabe[ID],Chronologie[[#This Row],[ID]],Eingabe[GES],">0")>=1,1,0) -> 0 | Q38: =IF(YEAR(Chronologie[[#This Row],[Datum]])=2025,WEEKNUM(Chronologie[[#This Row],[Datum]],2)-34,IF(YEAR(Chronologie[[#This Row],[Datum]])=2026,WEEKNUM(Chronologie[[#This Row],[Datum]],2)+18,"")) | R38: =IF(Chronologie[[#This Row],[Gegner]]="","",VLOOKUP(Chronologie[[#This Row],[Gegner]],Orte[],5,FALSE)) | S38: =IF(Chronologie[[#This Row],[Gegner]]="","",IF(Chronologie[[#This Row],[H/A]]="H",4,VLOOKUP(Chronologie[[#This Row],[Gegner]],Orte[],6,FALSE))) | T38: 13:00 Uhr | U38: =IFERROR(TIMEVALUE(LEFT(Chronologie[[#This Row],[Startzeit]],5)),"") -> 0.54166667 | V38: =IFERROR(TIMEVALUE(LEFT(Chronologie[[#This Row],[Startzeit]],5))+TIME(12/Chronologie[[#This Row],[Bahnen]],0,0),"") | X38: SG Hohentanne | Y38: Halsbrücker Str. 23, 09633 Krummenhennersdorf | Z38: 9633 | AA38: =IF(Orte[[#This Row],[Anschrift]]="",Orte[[#This Row],[Kurzform]],RIGHT(Orte[[#This Row],[Anschrift]],LEN(Orte[[#This Row],[Anschrift]])-FIND("#",SUBSTITUTE(Orte[[#This Row],[Anschrift]]," ","#",LEN(Orte[[#This Row],[Anschrift]])-LEN(SUBSTITUTE(Orte[[#This Row],[Anschrift]]," ",)))))) -> Krummenhennersdorf | AB38: Hohentanne | AC38: 4
A39: =ROW(A39)-2 -> 37 | B39: Patrick Hohmann | C39: E | E39: =ROW(E39)-2 -> 37 | F39: =Chronologie[[#This Row],[Team]]&"-"&Chronologie[[#This Row],[L/P/E]]&"-"&Chronologie[[#This Row],[ST]] -> U19-L-5 | G39: 45962 | H39: U19 | I39: L | J39: 5 | K39: SKV 9-Pins Stollberg | L39: =IF(Chronologie[[#This Row],[H/A]]="A",VLOOKUP(Chronologie[[#This Row],[Gegner]],Orte[],4,FALSE),IF(Chronologie[[#This Row],[H/A]]="H","Hirschfeld",Chronologie[[#This Row],[Gegner]])) -> Stollberg | M39: A | N39: =Chronologie[[#This Row],[SA-NR]] -> 37 | O39: =IF(Chronologie[[#This Row],[Datum]]="","",IF(TODAY()>=Chronologie[[#This Row],[Datum]],1,0)) -> 1 | P39: =IF(COUNTIFS(Eingabe[ID],Chronologie[[#This Row],[ID]],Eingabe[GES],">0")>=1,1,0) -> 1 | Q39: =IF(YEAR(Chronologie[[#This Row],[Datum]])=2025,WEEKNUM(Chronologie[[#This Row],[Datum]],2)-34,IF(YEAR(Chronologie[[#This Row],[Datum]])=2026,WEEKNUM(Chronologie[[#This Row],[Datum]],2)+18,"")) -> 10 | R39: =IF(Chronologie[[#This Row],[Gegner]]="","",VLOOKUP(Chronologie[[#This Row],[Gegner]],Orte[],5,FALSE)) -> Stollberg | S39: =IF(Chronologie[[#This Row],[Gegner]]="","",IF(Chronologie[[#This Row],[H/A]]="H",4,VLOOKUP(Chronologie[[#This Row],[Gegner]],Orte[],6,FALSE))) -> 4 | T39: 13:00 Uhr | U39: =IFERROR(TIMEVALUE(LEFT(Chronologie[[#This Row],[Startzeit]],5)),"") -> 0.54166667 | V39: =IFERROR(TIMEVALUE(LEFT(Chronologie[[#This Row],[Startzeit]],5))+TIME(12/Chronologie[[#This Row],[Bahnen]],0,0),"") -> 0.66666667 | X39: SG Kleinröhrsdorf | Y39: Am Festplatz, 01900 Großröhrsdorf | Z39: 1900 | AA39: =IF(Orte[[#This Row],[Anschrift]]="",Orte[[#This Row],[Kurzform]],RIGHT(Orte[[#This Row],[Anschrift]],LEN(Orte[[#This Row],[Anschrift]])-FIND("#",SUBSTITUTE(Orte[[#This Row],[Anschrift]]," ","#",LEN(Orte[[#This Row],[Anschrift]])-LEN(SUBSTITUTE(Orte[[#This Row],[Anschrift]]," ",)))))) -> Großröhrsdorf | AB39: Kleinröhrsdorf | AC39: 4
A40: =ROW(A40)-2 -> 38 | B40: Peter Paulmann | C40: D | E40: =ROW(E40)-2 -> 38 | F40: =Chronologie[[#This Row],[Team]]&"-"&Chronologie[[#This Row],[L/P/E]]&"-"&Chronologie[[#This Row],[ST]] -> U19-L-6 | G40: 45983 | H40: U19 | I40: L | J40: 6 | K40: SKV 9-Pins Stollberg | L40: =IF(Chronologie[[#This Row],[H/A]]="A",VLOOKUP(Chronologie[[#This Row],[Gegner]],Orte[],4,FALSE),IF(Chronologie[[#This Row],[H/A]]="H","Hirschfeld",Chronologie[[#This Row],[Gegner]])) -> Stollberg | M40: A | N40: =Chronologie[[#This Row],[SA-NR]] -> 38 | O40: =IF(Chronologie[[#This Row],[Datum]]="","",IF(TODAY()>=Chronologie[[#This Row],[Datum]],1,0)) -> 1 | P40: =IF(COUNTIFS(Eingabe[ID],Chronologie[[#This Row],[ID]],Eingabe[GES],">0")>=1,1,0) -> 1 | Q40: =IF(YEAR(Chronologie[[#This Row],[Datum]])=2025,WEEKNUM(Chronologie[[#This Row],[Datum]],2)-34,IF(YEAR(Chronologie[[#This Row],[Datum]])=2026,WEEKNUM(Chronologie[[#This Row],[Datum]],2)+18,"")) -> 13 | R40: =IF(Chronologie[[#This Row],[Gegner]]="","",VLOOKUP(Chronologie[[#This Row],[Gegner]],Orte[],5,FALSE)) -> Stollberg | S40: =IF(Chronologie[[#This Row],[Gegner]]="","",IF(Chronologie[[#This Row],[H/A]]="H",4,VLOOKUP(Chronologie[[#This Row],[Gegner]],Orte[],6,FALSE))) -> 4 | T40: 13:00 Uhr | U40: =IFERROR(TIMEVALUE(LEFT(Chronologie[[#This Row],[Startzeit]],5)),"") -> 0.54166667 | V40: =IFERROR(TIMEVALUE(LEFT(Chronologie[[#This Row],[Startzeit]],5))+TIME(12/Chronologie[[#This Row],[Bahnen]],0,0),"") -> 0.66666667 | X40: SG Lückersdorf-Gelenau | Y40: Hauptstr. 4 A, 01917 Kamenz | Z40: 1917 | AA40: =IF(Orte[[#This Row],[Anschrift]]="",Orte[[#This Row],[Kurzform]],RIGHT(Orte[[#This Row],[Anschrift]],LEN(Orte[[#This Row],[Anschrift]])-FIND("#",SUBSTITUTE(Orte[[#This Row],[Anschrift]]," ","#",LEN(Orte[[#This Row],[Anschrift]])-LEN(SUBSTITUTE(Orte[[#This Row],[Anschrift]]," ",)))))) -> Kamenz | AB40: Lückersdorf | AC40: 4
A41: =ROW(A41)-2 -> 39 | B41: Peter Weißling | C41: D | E41: =ROW(E41)-2 -> 39 | F41: =Chronologie[[#This Row],[Team]]&"-"&Chronologie[[#This Row],[L/P/E]]&"-"&Chronologie[[#This Row],[ST]] -> U19-L-7 | G41: 45997 | H41: U19 | I41: L | J41: 7 | K41: Hirschfelder SV | L41: =IF(Chronologie[[#This Row],[H/A]]="A",VLOOKUP(Chronologie[[#This Row],[Gegner]],Orte[],4,FALSE),IF(Chronologie[[#This Row],[H/A]]="H","Hirschfeld",Chronologie[[#This Row],[Gegner]])) -> Hirschfeld | M41: H | N41: =Chronologie[[#This Row],[SA-NR]] -> 39 | O41: =IF(Chronologie[[#This Row],[Datum]]="","",IF(TODAY()>=Chronologie[[#This Row],[Datum]],1,0)) -> 1 | P41: =IF(COUNTIFS(Eingabe[ID],Chronologie[[#This Row],[ID]],Eingabe[GES],">0")>=1,1,0) -> 1 | Q41: =IF(YEAR(Chronologie[[#This Row],[Datum]])=2025,WEEKNUM(Chronologie[[#This Row],[Datum]],2)-34,IF(YEAR(Chronologie[[#This Row],[Datum]])=2026,WEEKNUM(Chronologie[[#This Row],[Datum]],2)+18,"")) -> 15 | R41: =IF(Chronologie[[#This Row],[Gegner]]="","",VLOOKUP(Chronologie[[#This Row],[Gegner]],Orte[],5,FALSE)) -> HSV | S41: =IF(Chronologie[[#This Row],[Gegner]]="","",IF(Chronologie[[#This Row],[H/A]]="H",4,VLOOKUP(Chronologie[[#This Row],[Gegner]],Orte[],6,FALSE))) -> 4 | T41: 13:00 Uhr | U41: =IFERROR(TIMEVALUE(LEFT(Chronologie[[#This Row],[Startzeit]],5)),"") -> 0.54166667 | V41: =IFERROR(TIMEVALUE(LEFT(Chronologie[[#This Row],[Startzeit]],5))+TIME(12/Chronologie[[#This Row],[Bahnen]],0,0),"") -> 0.66666667 | X41: SG Motor Thurm | Y41: Am Sportzentrum 3, 08132 Mülsen / OT Stangendorf | Z41: 8132 | AA41: =IF(Orte[[#This Row],[Anschrift]]="",Orte[[#This Row],[Kurzform]],RIGHT(Orte[[#This Row],[Anschrift]],LEN(Orte[[#This Row],[Anschrift]])-FIND("#",SUBSTITUTE(Orte[[#This Row],[Anschrift]]," ","#",LEN(Orte[[#This Row],[Anschrift]])-LEN(SUBSTITUTE(Orte[[#This Row],[Anschrift]]," ",)))))) -> Stangendorf | AB41: Thurm | AC41: 4
A42: =ROW(A42)-2 -> 40 | B42: Petra Kubon | C42: F | E42: =ROW(E42)-2 -> 40 | F42: =Chronologie[[#This Row],[Team]]&"-"&Chronologie[[#This Row],[L/P/E]]&"-"&Chronologie[[#This Row],[ST]] -> U19-L-8 | G42: 46032 | H42: U19 | I42: L | J42: 8 | K42: MSV Bautzen 04 | L42: =IF(Chronologie[[#This Row],[H/A]]="A",VLOOKUP(Chronologie[[#This Row],[Gegner]],Orte[],4,FALSE),IF(Chronologie[[#This Row],[H/A]]="H","Hirschfeld",Chronologie[[#This Row],[Gegner]])) -> Bautzen | M42: A | N42: =Chronologie[[#This Row],[SA-NR]] -> 40 | O42: =IF(Chronologie[[#This Row],[Datum]]="","",IF(TODAY()>=Chronologie[[#This Row],[Datum]],1,0)) -> 1 | P42: =IF(COUNTIFS(Eingabe[ID],Chronologie[[#This Row],[ID]],Eingabe[GES],">0")>=1,1,0) -> 1 | Q42: =IF(YEAR(Chronologie[[#This Row],[Datum]])=2025,WEEKNUM(Chronologie[[#This Row],[Datum]],2)-34,IF(YEAR(Chronologie[[#This Row],[Datum]])=2026,WEEKNUM(Chronologie[[#This Row],[Datum]],2)+18,"")) -> 20 | R42: =IF(Chronologie[[#This Row],[Gegner]]="","",VLOOKUP(Chronologie[[#This Row],[Gegner]],Orte[],5,FALSE)) -> MSV Bautzen | S42: =IF(Chronologie[[#This Row],[Gegner]]="","",IF(Chronologie[[#This Row],[H/A]]="H",4,VLOOKUP(Chronologie[[#This Row],[Gegner]],Orte[],6,FALSE))) -> 4 | T42: 13:00 Uhr | U42: =IFERROR(TIMEVALUE(LEFT(Chronologie[[#This Row],[Startzeit]],5)),"") -> 0.54166667 | V42: =IFERROR(TIMEVALUE(LEFT(Chronologie[[#This Row],[Startzeit]],5))+TIME(12/Chronologie[[#This Row],[Bahnen]],0,0),"") -> 0.66666667 | X42: SKV 9-Pins Stollberg II | Y42: KegelHalle 9PINS, Bergstr.4, 09366 Stollberg | Z42: 9366 | AA42: =IF(Orte[[#This Row],[Anschrift]]="",Orte[[#This Row],[Kurzform]],RIGHT(Orte[[#This Row],[Anschrift]],LEN(Orte[[#This Row],[Anschrift]])-FIND("#",SUBSTITUTE(Orte[[#This Row],[Anschrift]]," ","#",LEN(Orte[[#This Row],[Anschrift]])-LEN(SUBSTITUTE(Orte[[#This Row],[Anschrift]]," ",)))))) -> Stollberg | AB42: Stollberg III | AC42: 4
A43: =ROW(A43)-2 -> 41 | B43: Philipp Paulmann | C43: E | E43: =ROW(E43)-2 -> 41 | F43: =Chronologie[[#This Row],[Team]]&"-"&Chronologie[[#This Row],[L/P/E]]&"-"&Chronologie[[#This Row],[ST]] -> U19-L-9 | G43: 46039 | H43: U19 | I43: L | J43: 9 | K43: MSV Bautzen 04 | L43: =IF(Chronologie[[#This Row],[H/A]]="A",VLOOKUP(Chronologie[[#This Row],[Gegner]],Orte[],4,FALSE),IF(Chronologie[[#This Row],[H/A]]="H","Hirschfeld",Chronologie[[#This Row],[Gegner]])) -> Bautzen | M43: A | N43: =Chronologie[[#This Row],[SA-NR]] -> 41 | O43: =IF(Chronologie[[#This Row],[Datum]]="","",IF(TODAY()>=Chronologie[[#This Row],[Datum]],1,0)) -> 1 | P43: =IF(COUNTIFS(Eingabe[ID],Chronologie[[#This Row],[ID]],Eingabe[GES],">0")>=1,1,0) -> 1 | Q43: =IF(YEAR(Chronologie[[#This Row],[Datum]])=2025,WEEKNUM(Chronologie[[#This Row],[Datum]],2)-34,IF(YEAR(Chronologie[[#This Row],[Datum]])=2026,WEEKNUM(Chronologie[[#This Row],[Datum]],2)+18,"")) -> 21 | R43: =IF(Chronologie[[#This Row],[Gegner]]="","",VLOOKUP(Chronologie[[#This Row],[Gegner]],Orte[],5,FALSE)) -> MSV Bautzen | S43: =IF(Chronologie[[#This Row],[Gegner]]="","",IF(Chronologie[[#This Row],[H/A]]="H",4,VLOOKUP(Chronologie[[#This Row],[Gegner]],Orte[],6,FALSE))) -> 4 | T43: 13:00 Uhr | U43: =IFERROR(TIMEVALUE(LEFT(Chronologie[[#This Row],[Startzeit]],5)),"") -> 0.54166667 | V43: =IFERROR(TIMEVALUE(LEFT(Chronologie[[#This Row],[Startzeit]],5))+TIME(12/Chronologie[[#This Row],[Bahnen]],0,0),"") -> 0.66666667 | X43: SKV 9-Pins Stollberg III | Y43: KegelHalle 9PINS, Bergstr.4, 09366 Stollberg | Z43: 9366 | AA43: =IF(Orte[[#This Row],[Anschrift]]="",Orte[[#This Row],[Kurzform]],RIGHT(Orte[[#This Row],[Anschrift]],LEN(Orte[[#This Row],[Anschrift]])-FIND("#",SUBSTITUTE(Orte[[#This Row],[Anschrift]]," ","#",LEN(Orte[[#This Row],[Anschrift]])-LEN(SUBSTITUTE(Orte[[#This Row],[Anschrift]]," ",)))))) -> Stollberg | AB43: Stollberg IV | AC43: 4
A44: =ROW(A44)-2 -> 42 | B44: Pia Wätzig | C44: U19 | E44: =ROW(E44)-2 -> 42 | F44: =Chronologie[[#This Row],[Team]]&"-"&Chronologie[[#This Row],[L/P/E]]&"-"&Chronologie[[#This Row],[ST]] -> U19-L-10 | G44: 46053 | H44: U19 | I44: L | J44: 10 | K44: Hirschfelder SV | L44: =IF(Chronologie[[#This Row],[H/A]]="A",VLOOKUP(Chronologie[[#This Row],[Gegner]],Orte[],4,FALSE),IF(Chronologie[[#This Row],[H/A]]="H","Hirschfeld",Chronologie[[#This Row],[Gegner]])) -> Hirschfeld | M44: H | N44: =Chronologie[[#This Row],[SA-NR]] -> 42 | O44: =IF(Chronologie[[#This Row],[Datum]]="","",IF(TODAY()>=Chronologie[[#This Row],[Datum]],1,0)) -> 1 | P44: =IF(COUNTIFS(Eingabe[ID],Chronologie[[#This Row],[ID]],Eingabe[GES],">0")>=1,1,0) -> 0 | Q44: =IF(YEAR(Chronologie[[#This Row],[Datum]])=2025,WEEKNUM(Chronologie[[#This Row],[Datum]],2)-34,IF(YEAR(Chronologie[[#This Row],[Datum]])=2026,WEEKNUM(Chronologie[[#This Row],[Datum]],2)+18,"")) -> 23 | R44: =IF(Chronologie[[#This Row],[Gegner]]="","",VLOOKUP(Chronologie[[#This Row],[Gegner]],Orte[],5,FALSE)) -> HSV | S44: =IF(Chronologie[[#This Row],[Gegner]]="","",IF(Chronologie[[#This Row],[H/A]]="H",4,VLOOKUP(Chronologie[[#This Row],[Gegner]],Orte[],6,FALSE))) -> 4 | T44: 13:00 Uhr | U44: =IFERROR(TIMEVALUE(LEFT(Chronologie[[#This Row],[Startzeit]],5)),"") -> 0.54166667 | V44: =IFERROR(TIMEVALUE(LEFT(Chronologie[[#This Row],[Startzeit]],5))+TIME(12/Chronologie[[#This Row],[Bahnen]],0,0),"") -> 0.66666667 | X44: SKV Auerbach/V. | Y44: Bienenweg 20a, 08209 Auerbach/V. | Z44: 8209 | AA44: =IF(Orte[[#This Row],[Anschrift]]="",Orte[[#This Row],[Kurzform]],RIGHT(Orte[[#This Row],[Anschrift]],LEN(Orte[[#This Row],[Anschrift]])-FIND("#",SUBSTITUTE(Orte[[#This Row],[Anschrift]]," ","#",LEN(Orte[[#This Row],[Anschrift]])-LEN(SUBSTITUTE(Orte[[#This Row],[Anschrift]]," ",)))))) -> Auerbach/V. | AB44: Auerbach | AC44: 4
A45: =ROW(A45)-2 -> 43 | B45: Sophia Stirl | C45: U14 | E45: =ROW(E45)-2 -> 43 | F45: =Chronologie[[#This Row],[Team]]&"-"&Chronologie[[#This Row],[L/P/E]]&"-"&Chronologie[[#This Row],[ST]] -> U19-L-11 | G45: 46074 | H45: U19 | I45: L | J45: 11 | K45: SKV 9-Pins Stollberg | L45: =IF(Chronologie[[#This Row],[H/A]]="A",VLOOKUP(Chronologie[[#This Row],[Gegner]],Orte[],4,FALSE),IF(Chronologie[[#This Row],[H/A]]="H","Hirschfeld",Chronologie[[#This Row],[Gegner]])) -> Stollberg | M45: A | N45: =Chronologie[[#This Row],[SA-NR]] -> 43 | O45: =IF(Chronologie[[#This Row],[Datum]]="","",IF(TODAY()>=Chronologie[[#This Row],[Datum]],1,0)) -> 0 | P45: =IF(COUNTIFS(Eingabe[ID],Chronologie[[#This Row],[ID]],Eingabe[GES],">0")>=1,1,0) -> 0 | Q45: =IF(YEAR(Chronologie[[#This Row],[Datum]])=2025,WEEKNUM(Chronologie[[#This Row],[Datum]],2)-34,IF(YEAR(Chronologie[[#This Row],[Datum]])=2026,WEEKNUM(Chronologie[[#This Row],[Datum]],2)+18,"")) -> 26 | R45: =IF(Chronologie[[#This Row],[Gegner]]="","",VLOOKUP(Chronologie[[#This Row],[Gegner]],Orte[],5,FALSE)) -> Stollberg | S45: =IF(Chronologie[[#This Row],[Gegner]]="","",IF(Chronologie[[#This Row],[H/A]]="H",4,VLOOKUP(Chronologie[[#This Row],[Gegner]],Orte[],6,FALSE))) -> 4 | T45: 13:00 Uhr | U45: =IFERROR(TIMEVALUE(LEFT(Chronologie[[#This Row],[Startzeit]],5)),"") -> 0.54166667 | V45: =IFERROR(TIMEVALUE(LEFT(Chronologie[[#This Row],[Startzeit]],5))+TIME(12/Chronologie[[#This Row],[Bahnen]],0,0),"") -> 0.66666667 | X45: SpG Mittweida/Penig | Y45: Dr.-Wilhelm-Külz-Str. 30, 09648 Mittweida | Z45: 9648 | AA45: =IF(Orte[[#This Row],[Anschrift]]="",Orte[[#This Row],[Kurzform]],RIGHT(Orte[[#This Row],[Anschrift]],LEN(Orte[[#This Row],[Anschrift]])-FIND("#",SUBSTITUTE(Orte[[#This Row],[Anschrift]]," ","#",LEN(Orte[[#This Row],[Anschrift]])-LEN(SUBSTITUTE(Orte[[#This Row],[Anschrift]]," ",)))))) -> Mittweida | AB45: Mittweida | AC45: 4
A46: =ROW(A46)-2 -> 44 | B46: Stefan Teuber | C46: E | E46: =ROW(E46)-2 -> 44 | F46: =Chronologie[[#This Row],[Team]]&"-"&Chronologie[[#This Row],[L/P/E]]&"-"&Chronologie[[#This Row],[ST]] -> U19-L-12 | G46: 46095 | H46: U19 | I46: L | J46: 12 | K46: KSV Heidenau | L46: =IF(Chronologie[[#This Row],[H/A]]="A",VLOOKUP(Chronologie[[#This Row],[Gegner]],Orte[],4,FALSE),IF(Chronologie[[#This Row],[H/A]]="H","Hirschfeld",Chronologie[[#This Row],[Gegner]])) -> Heidenau | M46: A | N46: =Chronologie[[#This Row],[SA-NR]] -> 44 | O46: =IF(Chronologie[[#This Row],[Datum]]="","",IF(TODAY()>=Chronologie[[#This Row],[Datum]],1,0)) -> 0 | P46: =IF(COUNTIFS(Eingabe[ID],Chronologie[[#This Row],[ID]],Eingabe[GES],">0")>=1,1,0) -> 0 | Q46: =IF(YEAR(Chronologie[[#This Row],[Datum]])=2025,WEEKNUM(Chronologie[[#This Row],[Datum]],2)-34,IF(YEAR(Chronologie[[#This Row],[Datum]])=2026,WEEKNUM(Chronologie[[#This Row],[Datum]],2)+18,"")) -> 29 | R46: =IF(Chronologie[[#This Row],[Gegner]]="","",VLOOKUP(Chronologie[[#This Row],[Gegner]],Orte[],5,FALSE)) -> Heidenau | S46: =IF(Chronologie[[#This Row],[Gegner]]="","",IF(Chronologie[[#This Row],[H/A]]="H",4,VLOOKUP(Chronologie[[#This Row],[Gegner]],Orte[],6,FALSE))) -> 4 | T46: 13:00 Uhr | U46: =IFERROR(TIMEVALUE(LEFT(Chronologie[[#This Row],[Startzeit]],5)),"") -> 0.54166667 | V46: =IFERROR(TIMEVALUE(LEFT(Chronologie[[#This Row],[Startzeit]],5))+TIME(12/Chronologie[[#This Row],[Bahnen]],0,0),"") -> 0.66666667 | X46: SpG Neustädtel/Aue | Y46: Fürstenplatz 5, 08289 Schneeberg | Z46: 8289 | AA46: =IF(Orte[[#This Row],[Anschrift]]="",Orte[[#This Row],[Kurzform]],RIGHT(Orte[[#This Row],[Anschrift]],LEN(Orte[[#This Row],[Anschrift]])-FIND("#",SUBSTITUTE(Orte[[#This Row],[Anschrift]]," ","#",LEN(Orte[[#This Row],[Anschrift]])-LEN(SUBSTITUTE(Orte[[#This Row],[Anschrift]]," ",)))))) -> Schneeberg | AB46: Aue | AC46: 4
A47: =ROW(A47)-2 -> 45 | B47: Stefan Ulbricht | C47: Z | E47: =ROW(E47)-2 -> 45 | F47: =Chronologie[[#This Row],[Team]]&"-"&Chronologie[[#This Row],[L/P/E]]&"-"&Chronologie[[#This Row],[ST]] -> Z-L-1 | G47: 45914 | H47: Z | I47: L | J47: 1 | K47: ESV Zschorlau | L47: =IF(Chronologie[[#This Row],[H/A]]="A",VLOOKUP(Chronologie[[#This Row],[Gegner]],Orte[],4,FALSE),IF(Chronologie[[#This Row],[H/A]]="H","Hirschfeld",Chronologie[[#This Row],[Gegner]])) -> Zschorlau | M47: A | N47: =Chronologie[[#This Row],[SA-NR]] -> 45 | O47: =IF(Chronologie[[#This Row],[Datum]]="","",IF(TODAY()>=Chronologie[[#This Row],[Datum]],1,0)) -> 1 | P47: =IF(COUNTIFS(Eingabe[ID],Chronologie[[#This Row],[ID]],Eingabe[GES],">0")>=1,1,0) -> 1 | Q47: =IF(YEAR(Chronologie[[#This Row],[Datum]])=2025,WEEKNUM(Chronologie[[#This Row],[Datum]],2)-34,IF(YEAR(Chronologie[[#This Row],[Datum]])=2026,WEEKNUM(Chronologie[[#This Row],[Datum]],2)+18,"")) -> 3 | R47: =IF(Chronologie[[#This Row],[Gegner]]="","",VLOOKUP(Chronologie[[#This Row],[Gegner]],Orte[],5,FALSE)) -> Zschorlau | S47: =IF(Chronologie[[#This Row],[Gegner]]="","",IF(Chronologie[[#This Row],[H/A]]="H",4,VLOOKUP(Chronologie[[#This Row],[Gegner]],Orte[],6,FALSE))) -> 4 | T47: 09:00 Uhr | U47: =IFERROR(TIMEVALUE(LEFT(Chronologie[[#This Row],[Startzeit]],5)),"") -> 0.375 | V47: =IFERROR(TIMEVALUE(LEFT(Chronologie[[#This Row],[Startzeit]],5))+TIME(12/Chronologie[[#This Row],[Bahnen]],0,0),"") -> 0.5 | X47: SpG Plauen/Zwickau | Y47: Kegelbahn Stresemannstr. 83, 08527 Plauen | Z47: 8527 | AA47: =IF(Orte[[#This Row],[Anschrift]]="",Orte[[#This Row],[Kurzform]],RIGHT(Orte[[#This Row],[Anschrift]],LEN(Orte[[#This Row],[Anschrift]])-FIND("#",SUBSTITUTE(Orte[[#This Row],[Anschrift]]," ","#",LEN(Orte[[#This Row],[Anschrift]])-LEN(SUBSTITUTE(Orte[[#This Row],[Anschrift]]," ",)))))) -> Plauen | AB47: Plauen | AC47: 4
A48: =ROW(A48)-2 -> 46 | B48: Sylke Schmidt | C48: F | E48: =ROW(E48)-2 -> 46 | F48: =Chronologie[[#This Row],[Team]]&"-"&Chronologie[[#This Row],[L/P/E]]&"-"&Chronologie[[#This Row],[ST]] -> Z-L-2 | G48: 45942 | H48: Z | I48: L | J48: 2 | K48: SG Motor Thurm | L48: =IF(Chronologie[[#This Row],[H/A]]="A",VLOOKUP(Chronologie[[#This Row],[Gegner]],Orte[],4,FALSE),IF(Chronologie[[#This Row],[H/A]]="H","Hirschfeld",Chronologie[[#This Row],[Gegner]])) -> Hirschfeld | M48: H | N48: =Chronologie[[#This Row],[SA-NR]] -> 46 | O48: =IF(Chronologie[[#This Row],[Datum]]="","",IF(TODAY()>=Chronologie[[#This Row],[Datum]],1,0)) -> 1 | P48: =IF(COUNTIFS(Eingabe[ID],Chronologie[[#This Row],[ID]],Eingabe[GES],">0")>=1,1,0) -> 1 | Q48: =IF(YEAR(Chronologie[[#This Row],[Datum]])=2025,WEEKNUM(Chronologie[[#This Row],[Datum]],2)-34,IF(YEAR(Chronologie[[#This Row],[Datum]])=2026,WEEKNUM(Chronologie[[#This Row],[Datum]],2)+18,"")) -> 7 | R48: =IF(Chronologie[[#This Row],[Gegner]]="","",VLOOKUP(Chronologie[[#This Row],[Gegner]],Orte[],5,FALSE)) -> Thurm | S48: =IF(Chronologie[[#This Row],[Gegner]]="","",IF(Chronologie[[#This Row],[H/A]]="H",4,VLOOKUP(Chronologie[[#This Row],[Gegner]],Orte[],6,FALSE))) -> 4 | T48: 09:00 Uhr | U48: =IFERROR(TIMEVALUE(LEFT(Chronologie[[#This Row],[Startzeit]],5)),"") -> 0.375 | V48: =IFERROR(TIMEVALUE(LEFT(Chronologie[[#This Row],[Startzeit]],5))+TIME(12/Chronologie[[#This Row],[Bahnen]],0,0),"") -> 0.5 | X48: SpG Reinsdorf/Zwickau | Y48: Schachtstraße 9, 08141 Reinsdorf | Z48: 8141 | AA48: =IF(Orte[[#This Row],[Anschrift]]="",Orte[[#This Row],[Kurzform]],RIGHT(Orte[[#This Row],[Anschrift]],LEN(Orte[[#This Row],[Anschrift]])-FIND("#",SUBSTITUTE(Orte[[#This Row],[Anschrift]]," ","#",LEN(Orte[[#This Row],[Anschrift]])-LEN(SUBSTITUTE(Orte[[#This Row],[Anschrift]]," ",)))))) -> Reinsdorf | AB48: Reinsdorf | AC48: 4
A49: =ROW(A49)-2 -> 47 | B49: Tim Becker | C49: E | E49: =ROW(E49)-2 -> 47 | F49: =Chronologie[[#This Row],[Team]]&"-"&Chronologie[[#This Row],[L/P/E]]&"-"&Chronologie[[#This Row],[ST]] -> Z-L-3 | G49: 45949 | H49: Z | I49: L | J49: 3 | K49: SKV 9-Pins Stollberg III | L49: =IF(Chronologie[[#This Row],[H/A]]="A",VLOOKUP(Chronologie[[#This Row],[Gegner]],Orte[],4,FALSE),IF(Chronologie[[#This Row],[H/A]]="H","Hirschfeld",Chronologie[[#This Row],[Gegner]])) -> Stollberg | M49: A | N49: =Chronologie[[#This Row],[SA-NR]] -> 47 | O49: =IF(Chronologie[[#This Row],[Datum]]="","",IF(TODAY()>=Chronologie[[#This Row],[Datum]],1,0)) -> 1 | P49: =IF(COUNTIFS(Eingabe[ID],Chronologie[[#This Row],[ID]],Eingabe[GES],">0")>=1,1,0) -> 1 | Q49: =IF(YEAR(Chronologie[[#This Row],[Datum]])=2025,WEEKNUM(Chronologie[[#This Row],[Datum]],2)-34,IF(YEAR(Chronologie[[#This Row],[Datum]])=2026,WEEKNUM(Chronologie[[#This Row],[Datum]],2)+18,"")) -> 8 | R49: =IF(Chronologie[[#This Row],[Gegner]]="","",VLOOKUP(Chronologie[[#This Row],[Gegner]],Orte[],5,FALSE)) -> Stollberg IV | S49: =IF(Chronologie[[#This Row],[Gegner]]="","",IF(Chronologie[[#This Row],[H/A]]="H",4,VLOOKUP(Chronologie[[#This Row],[Gegner]],Orte[],6,FALSE))) -> 4 | T49: 09:00 Uhr | U49: =IFERROR(TIMEVALUE(LEFT(Chronologie[[#This Row],[Startzeit]],5)),"") -> 0.375 | V49: =IFERROR(TIMEVALUE(LEFT(Chronologie[[#This Row],[Startzeit]],5))+TIME(12/Chronologie[[#This Row],[Bahnen]],0,0),"") -> 0.5 | X49: SpG Wechselburg/Mittweida | Y49: Dr. Wilhelm-Külz-Str. 30, 09648 Mittweida | Z49: 9648 | AA49: =IF(Orte[[#This Row],[Anschrift]]="",Orte[[#This Row],[Kurzform]],RIGHT(Orte[[#This Row],[Anschrift]],LEN(Orte[[#This Row],[Anschrift]])-FIND("#",SUBSTITUTE(Orte[[#This Row],[Anschrift]]," ","#",LEN(Orte[[#This Row],[Anschrift]])-LEN(SUBSTITUTE(Orte[[#This Row],[Anschrift]]," ",)))))) -> Mittweida | AB49: Mittweida | AC49: 4
A50: =ROW(A50)-2 -> 48 | B50: Tim Beger | C50: Z | E50: =ROW(E50)-2 -> 48 | F50: =Chronologie[[#This Row],[Team]]&"-"&Chronologie[[#This Row],[L/P/E]]&"-"&Chronologie[[#This Row],[ST]] -> Z-L-4 | G50: 45956 | H50: Z | I50: L | J50: 4 | K50: KC "Gut Holz" Drebach | L50: =IF(Chronologie[[#This Row],[H/A]]="A",VLOOKUP(Chronologie[[#This Row],[Gegner]],Orte[],4,FALSE),IF(Chronologie[[#This Row],[H/A]]="H","Hirschfeld",Chronologie[[#This Row],[Gegner]])) -> Hirschfeld | M50: H | N50: =Chronologie[[#This Row],[SA-NR]] -> 48 | O50: =IF(Chronologie[[#This Row],[Datum]]="","",IF(TODAY()>=Chronologie[[#This Row],[Datum]],1,0)) -> 1 | P50: =IF(COUNTIFS(Eingabe[ID],Chronologie[[#This Row],[ID]],Eingabe[GES],">0")>=1,1,0) -> 1 | Q50: =IF(YEAR(Chronologie[[#This Row],[Datum]])=2025,WEEKNUM(Chronologie[[#This Row],[Datum]],2)-34,IF(YEAR(Chronologie[[#This Row],[Datum]])=2026,WEEKNUM(Chronologie[[#This Row],[Datum]],2)+18,"")) -> 9 | R50: =IF(Chronologie[[#This Row],[Gegner]]="","",VLOOKUP(Chronologie[[#This Row],[Gegner]],Orte[],5,FALSE)) -> Drebach | S50: =IF(Chronologie[[#This Row],[Gegner]]="","",IF(Chronologie[[#This Row],[H/A]]="H",4,VLOOKUP(Chronologie[[#This Row],[Gegner]],Orte[],6,FALSE))) -> 4 | T50: 09:00 Uhr | U50: =IFERROR(TIMEVALUE(LEFT(Chronologie[[#This Row],[Startzeit]],5)),"") -> 0.375 | V50: =IFERROR(TIMEVALUE(LEFT(Chronologie[[#This Row],[Startzeit]],5))+TIME(12/Chronologie[[#This Row],[Bahnen]],0,0),"") -> 0.5 | X50: SpVgg Blau-Weiß Chemnitz 02 | Y50: Promenadenstraße 48, 09111 Chemnitz | Z50: 9111 | AA50: =IF(Orte[[#This Row],[Anschrift]]="",Orte[[#This Row],[Kurzform]],RIGHT(Orte[[#This Row],[Anschrift]],LEN(Orte[[#This Row],[Anschrift]])-FIND("#",SUBSTITUTE(Orte[[#This Row],[Anschrift]]," ","#",LEN(Orte[[#This Row],[Anschrift]])-LEN(SUBSTITUTE(Orte[[#This Row],[Anschrift]]," ",)))))) -> Chemnitz | AB50: BW Chemnitz | AC50: 4
... A52: =ROW(A52)-2 -> 50 | B52: Uwe Zippack | C52: Z | E52: =ROW(E52)-2 -> 50 | F52: =Chronologie[[#This Row],[Team]]&"-"&Chronologie[[#This Row],[L/P/E]]&"-"&Chronologie[[#This Row],[ST]] -> Z-L-6 | G52: 45977 | H52: Z | I52: L | J52: 6 | K52: KSV Grün-Weiß Leubsdorf | L52: =IF(Chronologie[[#This Row],[H/A]]="A",VLOOKUP(Chronologie[[#This Row],[Gegner]],Orte[],4,FALSE),IF(Chronologie[[#This Row],[H/A]]="H","Hirschfeld",Chronologie[[#This Row],[Gegner]])) -> Hirschfeld | M52: H | N52: =Chronologie[[#This Row],[SA-NR]] -> 50 | O52: =IF(Chronologie[[#This Row],[Datum]]="","",IF(TODAY()>=Chronologie[[#This Row],[Datum]],1,0)) -> 1 | P52: =IF(COUNTIFS(Eingabe[ID],Chronologie[[#This Row],[ID]],Eingabe[GES],">0")>=1,1,0) -> 1 | Q52: =IF(YEAR(Chronologie[[#This Row],[Datum]])=2025,WEEKNUM(Chronologie[[#This Row],[Datum]],2)-34,IF(YEAR(Chronologie[[#This Row],[Datum]])=2026,WEEKNUM(Chronologie[[#This Row],[Datum]],2)+18,"")) -> 12 | R52: =IF(Chronologie[[#This Row],[Gegner]]="","",VLOOKUP(Chronologie[[#This Row],[Gegner]],Orte[],5,FALSE)) -> Leubsdorf | S52: =IF(Chronologie[[#This Row],[Gegner]]="","",IF(Chronologie[[#This Row],[H/A]]="H",4,VLOOKUP(Chronologie[[#This Row],[Gegner]],Orte[],6,FALSE))) -> 4 | T52: 11:00 Uhr | U52: =IFERROR(TIMEVALUE(LEFT(Chronologie[[#This Row],[Startzeit]],5)),"") -> 0.45833333 | V52: =IFERROR(TIMEVALUE(LEFT(Chronologie[[#This Row],[Startzeit]],5))+TIME(12/Chronologie[[#This Row],[Bahnen]],0,0),"") -> 0.58333333 | X52: SSV 91 Brand-Erbisdorf | Y52: Jahnstraße 11, 09618 Brand-Erbisdorf | Z52: 9618 | AA52: =IF(Orte[[#This Row],[Anschrift]]="",Orte[[#This Row],[Kurzform]],RIGHT(Orte[[#This Row],[Anschrift]],LEN(Orte[[#This Row],[Anschrift]])-FIND("#",SUBSTITUTE(Orte[[#This Row],[Anschrift]]," ","#",LEN(Orte[[#This Row],[Anschrift]])-LEN(SUBSTITUTE(Orte[[#This Row],[Anschrift]]," ",)))))) -> Brand-Erbisdorf | AB52: Brand-E. | AC52: 4
A53: =ROW(A53)-2 -> 51 | B53: ZZZ | E53: =ROW(E53)-2 -> 51 | F53: =Chronologie[[#This Row],[Team]]&"-"&Chronologie[[#This Row],[L/P/E]]&"-"&Chronologie[[#This Row],[ST]] -> Z-L-7 | G53: 45998 | H53: Z | I53: L | J53: 7 | K53: KSV Hainichen 92 | L53: =IF(Chronologie[[#This Row],[H/A]]="A",VLOOKUP(Chronologie[[#This Row],[Gegner]],Orte[],4,FALSE),IF(Chronologie[[#This Row],[H/A]]="H","Hirschfeld",Chronologie[[#This Row],[Gegner]])) -> Hainichen | M53: A | N53: =Chronologie[[#This Row],[SA-NR]] -> 51 | O53: =IF(Chronologie[[#This Row],[Datum]]="","",IF(TODAY()>=Chronologie[[#This Row],[Datum]],1,0)) -> 1 | P53: =IF(COUNTIFS(Eingabe[ID],Chronologie[[#This Row],[ID]],Eingabe[GES],">0")>=1,1,0) -> 1 | Q53: =IF(YEAR(Chronologie[[#This Row],[Datum]])=2025,WEEKNUM(Chronologie[[#This Row],[Datum]],2)-34,IF(YEAR(Chronologie[[#This Row],[Datum]])=2026,WEEKNUM(Chronologie[[#This Row],[Datum]],2)+18,"")) -> 15 | R53: =IF(Chronologie[[#This Row],[Gegner]]="","",VLOOKUP(Chronologie[[#This Row],[Gegner]],Orte[],5,FALSE)) -> Hainichen | S53: =IF(Chronologie[[#This Row],[Gegner]]="","",IF(Chronologie[[#This Row],[H/A]]="H",4,VLOOKUP(Chronologie[[#This Row],[Gegner]],Orte[],6,FALSE))) -> 4 | T53: 09:00 Uhr | U53: =IFERROR(TIMEVALUE(LEFT(Chronologie[[#This Row],[Startzeit]],5)),"") -> 0.375 | V53: =IFERROR(TIMEVALUE(LEFT(Chronologie[[#This Row],[Startzeit]],5))+TIME(12/Chronologie[[#This Row],[Bahnen]],0,0),"") -> 0.5 | X53: SSV Planeta Radebeul | Y53: Kötitzer Str. 40, 01445 Radebeul | Z53: 1445 | AA53: =IF(Orte[[#This Row],[Anschrift]]="",Orte[[#This Row],[Kurzform]],RIGHT(Orte[[#This Row],[Anschrift]],LEN(Orte[[#This Row],[Anschrift]])-FIND("#",SUBSTITUTE(Orte[[#This Row],[Anschrift]]," ","#",LEN(Orte[[#This Row],[Anschrift]])-LEN(SUBSTITUTE(Orte[[#This Row],[Anschrift]]," ",)))))) -> Radebeul | AB53: Radebeul | AC53: 4
E54: =ROW(E54)-2 -> 52 | F54: =Chronologie[[#This Row],[Team]]&"-"&Chronologie[[#This Row],[L/P/E]]&"-"&Chronologie[[#This Row],[ST]] -> Z-L-8 | G54: 46005 | H54: Z | I54: L | J54: 8 | K54: ESV Zschorlau | L54: =IF(Chronologie[[#This Row],[H/A]]="A",VLOOKUP(Chronologie[[#This Row],[Gegner]],Orte[],4,FALSE),IF(Chronologie[[#This Row],[H/A]]="H","Hirschfeld",Chronologie[[#This Row],[Gegner]])) -> Hirschfeld | M54: H | N54: =Chronologie[[#This Row],[SA-NR]] -> 52 | O54: =IF(Chronologie[[#This Row],[Datum]]="","",IF(TODAY()>=Chronologie[[#This Row],[Datum]],1,0)) -> 1 | P54: =IF(COUNTIFS(Eingabe[ID],Chronologie[[#This Row],[ID]],Eingabe[GES],">0")>=1,1,0) -> 1 | Q54: =IF(YEAR(Chronologie[[#This Row],[Datum]])=2025,WEEKNUM(Chronologie[[#This Row],[Datum]],2)-34,IF(YEAR(Chronologie[[#This Row],[Datum]])=2026,WEEKNUM(Chronologie[[#This Row],[Datum]],2)+18,"")) -> 16 | R54: =IF(Chronologie[[#This Row],[Gegner]]="","",VLOOKUP(Chronologie[[#This Row],[Gegner]],Orte[],5,FALSE)) -> Zschorlau | S54: =IF(Chronologie[[#This Row],[Gegner]]="","",IF(Chronologie[[#This Row],[H/A]]="H",4,VLOOKUP(Chronologie[[#This Row],[Gegner]],Orte[],6,FALSE))) -> 4 | T54: 09:00 Uhr | U54: =IFERROR(TIMEVALUE(LEFT(Chronologie[[#This Row],[Startzeit]],5)),"") -> 0.375 | V54: =IFERROR(TIMEVALUE(LEFT(Chronologie[[#This Row],[Startzeit]],5))+TIME(12/Chronologie[[#This Row],[Bahnen]],0,0),"") -> 0.5 | X54: KSC Stahl Rietschen | Y54: Rothenburger Str. 14A, 02956 Rietschen | Z54: 2956 | AA54: =IF(Orte[[#This Row],[Anschrift]]="",Orte[[#This Row],[Kurzform]],RIGHT(Orte[[#This Row],[Anschrift]],LEN(Orte[[#This Row],[Anschrift]])-FIND("#",SUBSTITUTE(Orte[[#This Row],[Anschrift]]," ","#",LEN(Orte[[#This Row],[Anschrift]])-LEN(SUBSTITUTE(Orte[[#This Row],[Anschrift]]," ",)))))) -> Rietschen | AB54: Rietschen | AC54: 4
E55: =ROW(E55)-2 -> 53 | F55: =Chronologie[[#This Row],[Team]]&"-"&Chronologie[[#This Row],[L/P/E]]&"-"&Chronologie[[#This Row],[ST]] -> Z-L-9 | G55: 46040 | H55: Z | I55: L | J55: 9 | K55: SG Motor Thurm | L55: =IF(Chronologie[[#This Row],[H/A]]="A",VLOOKUP(Chronologie[[#This Row],[Gegner]],Orte[],4,FALSE),IF(Chronologie[[#This Row],[H/A]]="H","Hirschfeld",Chronologie[[#This Row],[Gegner]])) -> Stangendorf | M55: A | N55: =Chronologie[[#This Row],[SA-NR]] -> 53 | O55: =IF(Chronologie[[#This Row],[Datum]]="","",IF(TODAY()>=Chronologie[[#This Row],[Datum]],1,0)) -> 1 | P55: =IF(COUNTIFS(Eingabe[ID],Chronologie[[#This Row],[ID]],Eingabe[GES],">0")>=1,1,0) -> 1 | Q55: =IF(YEAR(Chronologie[[#This Row],[Datum]])=2025,WEEKNUM(Chronologie[[#This Row],[Datum]],2)-34,IF(YEAR(Chronologie[[#This Row],[Datum]])=2026,WEEKNUM(Chronologie[[#This Row],[Datum]],2)+18,"")) -> 21 | R55: =IF(Chronologie[[#This Row],[Gegner]]="","",VLOOKUP(Chronologie[[#This Row],[Gegner]],Orte[],5,FALSE)) -> Thurm | S55: =IF(Chronologie[[#This Row],[Gegner]]="","",IF(Chronologie[[#This Row],[H/A]]="H",4,VLOOKUP(Chronologie[[#This Row],[Gegner]],Orte[],6,FALSE))) -> 4 | T55: 09:00 Uhr | U55: =IFERROR(TIMEVALUE(LEFT(Chronologie[[#This Row],[Startzeit]],5)),"") -> 0.375 | V55: =IFERROR(TIMEVALUE(LEFT(Chronologie[[#This Row],[Startzeit]],5))+TIME(12/Chronologie[[#This Row],[Bahnen]],0,0),"") -> 0.5 | X55: SSV Turbine Dresden | Y55: Gasanstaltstr. 13, 01237 Dresden | Z55: 1237 | AA55: =IF(Orte[[#This Row],[Anschrift]]="",Orte[[#This Row],[Kurzform]],RIGHT(Orte[[#This Row],[Anschrift]],LEN(Orte[[#This Row],[Anschrift]])-FIND("#",SUBSTITUTE(Orte[[#This Row],[Anschrift]]," ","#",LEN(Orte[[#This Row],[Anschrift]])-LEN(SUBSTITUTE(Orte[[#This Row],[Anschrift]]," ",)))))) -> Dresden | AB55: Turbine DD | AC55: 4
E56: =ROW(E56)-2 -> 54 | F56: =Chronologie[[#This Row],[Team]]&"-"&Chronologie[[#This Row],[L/P/E]]&"-"&Chronologie[[#This Row],[ST]] -> Z-L-10 | G56: 46047 | H56: Z | I56: L | J56: 10 | K56: SKV 9-Pins Stollberg III | L56: =IF(Chronologie[[#This Row],[H/A]]="A",VLOOKUP(Chronologie[[#This Row],[Gegner]],Orte[],4,FALSE),IF(Chronologie[[#This Row],[H/A]]="H","Hirschfeld",Chronologie[[#This Row],[Gegner]])) -> Hirschfeld | M56: H | N56: =Chronologie[[#This Row],[SA-NR]] -> 54 | O56: =IF(Chronologie[[#This Row],[Datum]]="","",IF(TODAY()>=Chronologie[[#This Row],[Datum]],1,0)) -> 1 | P56: =IF(COUNTIFS(Eingabe[ID],Chronologie[[#This Row],[ID]],Eingabe[GES],">0")>=1,1,0) -> 1 | Q56: =IF(YEAR(Chronologie[[#This Row],[Datum]])=2025,WEEKNUM(Chronologie[[#This Row],[Datum]],2)-34,IF(YEAR(Chronologie[[#This Row],[Datum]])=2026,WEEKNUM(Chronologie[[#This Row],[Datum]],2)+18,"")) -> 22 | R56: =IF(Chronologie[[#This Row],[Gegner]]="","",VLOOKUP(Chronologie[[#This Row],[Gegner]],Orte[],5,FALSE)) -> Stollberg IV | S56: =IF(Chronologie[[#This Row],[Gegner]]="","",IF(Chronologie[[#This Row],[H/A]]="H",4,VLOOKUP(Chronologie[[#This Row],[Gegner]],Orte[],6,FALSE))) -> 4 | T56: 09:00 Uhr | U56: =IFERROR(TIMEVALUE(LEFT(Chronologie[[#This Row],[Startzeit]],5)),"") -> 0.375 | V56: =IFERROR(TIMEVALUE(LEFT(Chronologie[[#This Row],[Startzeit]],5))+TIME(12/Chronologie[[#This Row],[Bahnen]],0,0),"") -> 0.5 | X56: SV Dörnthal | Y56: Dörnthal 89, 09526 Olbernhau OT Dörnthal | Z56: 9526 | AA56: =IF(Orte[[#This Row],[Anschrift]]="",Orte[[#This Row],[Kurzform]],RIGHT(Orte[[#This Row],[Anschrift]],LEN(Orte[[#This Row],[Anschrift]])-FIND("#",SUBSTITUTE(Orte[[#This Row],[Anschrift]]," ","#",LEN(Orte[[#This Row],[Anschrift]])-LEN(SUBSTITUTE(Orte[[#This Row],[Anschrift]]," ",)))))) -> Dörnthal | AB56: Dörnthal | AC56: 2
E57: =ROW(E57)-2 -> 55 | F57: =Chronologie[[#This Row],[Team]]&"-"&Chronologie[[#This Row],[L/P/E]]&"-"&Chronologie[[#This Row],[ST]] -> Z-L-11 | G57: 46075 | H57: Z | I57: L | J57: 11 | K57: KC "Gut Holz" Drebach | L57: =IF(Chronologie[[#This Row],[H/A]]="A",VLOOKUP(Chronologie[[#This Row],[Gegner]],Orte[],4,FALSE),IF(Chronologie[[#This Row],[H/A]]="H","Hirschfeld",Chronologie[[#This Row],[Gegner]])) -> Scharfenstein | M57: A | N57: =Chronologie[[#This Row],[SA-NR]] -> 55 | O57: =IF(Chronologie[[#This Row],[Datum]]="","",IF(TODAY()>=Chronologie[[#This Row],[Datum]],1,0)) -> 0 | P57: =IF(COUNTIFS(Eingabe[ID],Chronologie[[#This Row],[ID]],Eingabe[GES],">0")>=1,1,0) -> 0 | Q57: =IF(YEAR(Chronologie[[#This Row],[Datum]])=2025,WEEKNUM(Chronologie[[#This Row],[Datum]],2)-34,IF(YEAR(Chronologie[[#This Row],[Datum]])=2026,WEEKNUM(Chronologie[[#This Row],[Datum]],2)+18,"")) -> 26 | R57: =IF(Chronologie[[#This Row],[Gegner]]="","",VLOOKUP(Chronologie[[#This Row],[Gegner]],Orte[],5,FALSE)) -> Drebach | S57: =IF(Chronologie[[#This Row],[Gegner]]="","",IF(Chronologie[[#This Row],[H/A]]="H",4,VLOOKUP(Chronologie[[#This Row],[Gegner]],Orte[],6,FALSE))) -> 2 | T57: 09:00 Uhr | U57: =IFERROR(TIMEVALUE(LEFT(Chronologie[[#This Row],[Startzeit]],5)),"") -> 0.375 | V57: =IFERROR(TIMEVALUE(LEFT(Chronologie[[#This Row],[Startzeit]],5))+TIME(12/Chronologie[[#This Row],[Bahnen]],0,0),"") -> 0.625 | X57: SV Fortschritt Glauchau | Y57: An der Sachsenlandhalle 3, 08371 Glauchau | Z57: 8371 | AA57: =IF(Orte[[#This Row],[Anschrift]]="",Orte[[#This Row],[Kurzform]],RIGHT(Orte[[#This Row],[Anschrift]],LEN(Orte[[#This Row],[Anschrift]])-FIND("#",SUBSTITUTE(Orte[[#This Row],[Anschrift]]," ","#",LEN(Orte[[#This Row],[Anschrift]])-LEN(SUBSTITUTE(Orte[[#This Row],[Anschrift]]," ",)))))) -> Glauchau | AB57: Glauchau | AC57: 4
E58: =ROW(E58)-2 -> 56 | F58: =Chronologie[[#This Row],[Team]]&"-"&Chronologie[[#This Row],[L/P/E]]&"-"&Chronologie[[#This Row],[ST]] -> Z-L-12 | G58: 46089 | H58: Z | I58: L | J58: 12 | K58: TSV Geyer | L58: =IF(Chronologie[[#This Row],[H/A]]="A",VLOOKUP(Chronologie[[#This Row],[Gegner]],Orte[],4,FALSE),IF(Chronologie[[#This Row],[H/A]]="H","Hirschfeld",Chronologie[[#This Row],[Gegner]])) -> Hirschfeld | M58: H | N58: =Chronologie[[#This Row],[SA-NR]] -> 56 | O58: =IF(Chronologie[[#This Row],[Datum]]="","",IF(TODAY()>=Chronologie[[#This Row],[Datum]],1,0)) -> 0 | P58: =IF(COUNTIFS(Eingabe[ID],Chronologie[[#This Row],[ID]],Eingabe[GES],">0")>=1,1,0) -> 0 | Q58: =IF(YEAR(Chronologie[[#This Row],[Datum]])=2025,WEEKNUM(Chronologie[[#This Row],[Datum]],2)-34,IF(YEAR(Chronologie[[#This Row],[Datum]])=2026,WEEKNUM(Chronologie[[#This Row],[Datum]],2)+18,"")) -> 28 | R58: =IF(Chronologie[[#This Row],[Gegner]]="","",VLOOKUP(Chronologie[[#This Row],[Gegner]],Orte[],5,FALSE)) -> Geyer | S58: =IF(Chronologie[[#This Row],[Gegner]]="","",IF(Chronologie[[#This Row],[H/A]]="H",4,VLOOKUP(Chronologie[[#This Row],[Gegner]],Orte[],6,FALSE))) -> 4 | T58: 09:00 Uhr | U58: =IFERROR(TIMEVALUE(LEFT(Chronologie[[#This Row],[Startzeit]],5)),"") -> 0.375 | V58: =IFERROR(TIMEVALUE(LEFT(Chronologie[[#This Row],[Startzeit]],5))+TIME(12/Chronologie[[#This Row],[Bahnen]],0,0),"") -> 0.5 | X58: SV Fortschritt Pirna | Y58: Alt-Rottwerndorf 22, 01796 Pirna | Z58: 1796 | AA58: =IF(Orte[[#This Row],[Anschrift]]="",Orte[[#This Row],[Kurzform]],RIGHT(Orte[[#This Row],[Anschrift]],LEN(Orte[[#This Row],[Anschrift]])-FIND("#",SUBSTITUTE(Orte[[#This Row],[Anschrift]]," ","#",LEN(Orte[[#This Row],[Anschrift]])-LEN(SUBSTITUTE(Orte[[#This Row],[Anschrift]]," ",)))))) -> Pirna | AB58: Pirna | AC58: 4
E59: =ROW(E59)-2 -> 57 | F59: =Chronologie[[#This Row],[Team]]&"-"&Chronologie[[#This Row],[L/P/E]]&"-"&Chronologie[[#This Row],[ST]] -> Z-L-13 | G59: 46103 | H59: Z | I59: L | J59: 13 | K59: KSV Grün-Weiß Leubsdorf | L59: =IF(Chronologie[[#This Row],[H/A]]="A",VLOOKUP(Chronologie[[#This Row],[Gegner]],Orte[],4,FALSE),IF(Chronologie[[#This Row],[H/A]]="H","Hirschfeld",Chronologie[[#This Row],[Gegner]])) -> Leubsdorf | M59: A | N59: =Chronologie[[#This Row],[SA-NR]] -> 57 | O59: =IF(Chronologie[[#This Row],[Datum]]="","",IF(TODAY()>=Chronologie[[#This Row],[Datum]],1,0)) -> 0 | P59: =IF(COUNTIFS(Eingabe[ID],Chronologie[[#This Row],[ID]],Eingabe[GES],">0")>=1,1,0) -> 0 | Q59: =IF(YEAR(Chronologie[[#This Row],[Datum]])=2025,WEEKNUM(Chronologie[[#This Row],[Datum]],2)-34,IF(YEAR(Chronologie[[#This Row],[Datum]])=2026,WEEKNUM(Chronologie[[#This Row],[Datum]],2)+18,"")) -> 30 | R59: =IF(Chronologie[[#This Row],[Gegner]]="","",VLOOKUP(Chronologie[[#This Row],[Gegner]],Orte[],5,FALSE)) -> Leubsdorf | S59: =IF(Chronologie[[#This Row],[Gegner]]="","",IF(Chronologie[[#This Row],[H/A]]="H",4,VLOOKUP(Chronologie[[#This Row],[Gegner]],Orte[],6,FALSE))) -> 2 | T59: 09:00 Uhr | U59: =IFERROR(TIMEVALUE(LEFT(Chronologie[[#This Row],[Startzeit]],5)),"") -> 0.375 | V59: =IFERROR(TIMEVALUE(LEFT(Chronologie[[#This Row],[Startzeit]],5))+TIME(12/Chronologie[[#This Row],[Bahnen]],0,0),"") -> 0.625 | X59: SV Grün-Weiß Schweikershain | Y59: Hauptstraße, 09306 Erlau / OT Schweikershain | Z59: 9306 | AA59: =IF(Orte[[#This Row],[Anschrift]]="",Orte[[#This Row],[Kurzform]],RIGHT(Orte[[#This Row],[Anschrift]],LEN(Orte[[#This Row],[Anschrift]])-FIND("#",SUBSTITUTE(Orte[[#This Row],[Anschrift]]," ","#",LEN(Orte[[#This Row],[Anschrift]])-LEN(SUBSTITUTE(Orte[[#This Row],[Anschrift]]," ",)))))) -> Schweikershain | AB59: Schweikershain | AC59: 2
E60: =ROW(E60)-2 -> 58 | F60: =Chronologie[[#This Row],[Team]]&"-"&Chronologie[[#This Row],[L/P/E]]&"-"&Chronologie[[#This Row],[ST]] -> Z-L-14 | G60: 46110 | H60: Z | I60: L | J60: 14 | K60: KSV Hainichen 92 | L60: =IF(Chronologie[[#This Row],[H/A]]="A",VLOOKUP(Chronologie[[#This Row],[Gegner]],Orte[],4,FALSE),IF(Chronologie[[#This Row],[H/A]]="H","Hirschfeld",Chronologie[[#This Row],[Gegner]])) -> Hirschfeld | M60: H | N60: =Chronologie[[#This Row],[SA-NR]] -> 58 | O60: =IF(Chronologie[[#This Row],[Datum]]="","",IF(TODAY()>=Chronologie[[#This Row],[Datum]],1,0)) -> 0 | P60: =IF(COUNTIFS(Eingabe[ID],Chronologie[[#This Row],[ID]],Eingabe[GES],">0")>=1,1,0) -> 0 | Q60: =IF(YEAR(Chronologie[[#This Row],[Datum]])=2025,WEEKNUM(Chronologie[[#This Row],[Datum]],2)-34,IF(YEAR(Chronologie[[#This Row],[Datum]])=2026,WEEKNUM(Chronologie[[#This Row],[Datum]],2)+18,"")) -> 31 | R60: =IF(Chronologie[[#This Row],[Gegner]]="","",VLOOKUP(Chronologie[[#This Row],[Gegner]],Orte[],5,FALSE)) -> Hainichen | S60: =IF(Chronologie[[#This Row],[Gegner]]="","",IF(Chronologie[[#This Row],[H/A]]="H",4,VLOOKUP(Chronologie[[#This Row],[Gegner]],Orte[],6,FALSE))) -> 4 | T60: 09:00 Uhr | U60: =IFERROR(TIMEVALUE(LEFT(Chronologie[[#This Row],[Startzeit]],5)),"") -> 0.375 | V60: =IFERROR(TIMEVALUE(LEFT(Chronologie[[#This Row],[Startzeit]],5))+TIME(12/Chronologie[[#This Row],[Bahnen]],0,0),"") -> 0.5 | X60: SV Krummenhennersdorf | Y60: Halsbrücker Str. 23, 09633 Krummenhennersdorf | Z60: 9633 | AA60: =IF(Orte[[#This Row],[Anschrift]]="",Orte[[#This Row],[Kurzform]],RIGHT(Orte[[#This Row],[Anschrift]],LEN(Orte[[#This Row],[Anschrift]])-FIND("#",SUBSTITUTE(Orte[[#This Row],[Anschrift]]," ","#",LEN(Orte[[#This Row],[Anschrift]])-LEN(SUBSTITUTE(Orte[[#This Row],[Anschrift]]," ",)))))) -> Krummenhennersdorf | AB60: Krummi | AC60: 4
E61: =ROW(E61)-2 -> 59 | F61: =Chronologie[[#This Row],[Team]]&"-"&Chronologie[[#This Row],[L/P/E]]&"-"&Chronologie[[#This Row],[ST]] -> D-L-2 | G61: 45949 | H61: D | I61: L | J61: 2 | K61: TSV 1848 Flöha | L61: =IF(Chronologie[[#This Row],[H/A]]="A",VLOOKUP(Chronologie[[#This Row],[Gegner]],Orte[],4,FALSE),IF(Chronologie[[#This Row],[H/A]]="H","Hirschfeld",Chronologie[[#This Row],[Gegner]])) -> Hirschfeld | M61: H | N61: =Chronologie[[#This Row],[SA-NR]] -> 59 | O61: =IF(Chronologie[[#This Row],[Datum]]="","",IF(TODAY()>=Chronologie[[#This Row],[Datum]],1,0)) -> 1 | P61: =IF(COUNTIFS(Eingabe[ID],Chronologie[[#This Row],[ID]],Eingabe[GES],">0")>=1,1,0) -> 1 | Q61: =IF(YEAR(Chronologie[[#This Row],[Datum]])=2025,WEEKNUM(Chronologie[[#This Row],[Datum]],2)-34,IF(YEAR(Chronologie[[#This Row],[Datum]])=2026,WEEKNUM(Chronologie[[#This Row],[Datum]],2)+18,"")) -> 8 | R61: =IF(Chronologie[[#This Row],[Gegner]]="","",VLOOKUP(Chronologie[[#This Row],[Gegner]],Orte[],5,FALSE)) -> Flöha | S61: =IF(Chronologie[[#This Row],[Gegner]]="","",IF(Chronologie[[#This Row],[H/A]]="H",4,VLOOKUP(Chronologie[[#This Row],[Gegner]],Orte[],6,FALSE))) -> 4 | T61: 09:00 Uhr | U61: =IFERROR(TIMEVALUE(LEFT(Chronologie[[#This Row],[Startzeit]],5)),"") -> 0.375 | V61: =IFERROR(TIMEVALUE(LEFT(Chronologie[[#This Row],[Startzeit]],5))+TIME(12/Chronologie[[#This Row],[Bahnen]],0,0),"") -> 0.5 | X61: SV MoMi Dresden | Y61: Pestalozziplatz 20, 01127 Dresden | Z61: 1127 | AA61: =IF(Orte[[#This Row],[Anschrift]]="",Orte[[#This Row],[Kurzform]],RIGHT(Orte[[#This Row],[Anschrift]],LEN(Orte[[#This Row],[Anschrift]])-FIND("#",SUBSTITUTE(Orte[[#This Row],[Anschrift]]," ","#",LEN(Orte[[#This Row],[Anschrift]])-LEN(SUBSTITUTE(Orte[[#This Row],[Anschrift]]," ",)))))) -> Dresden | AB61: MoMi DD | AC61: 4
E62: =ROW(E62)-2 -> 60 | F62: =Chronologie[[#This Row],[Team]]&"-"&Chronologie[[#This Row],[L/P/E]]&"-"&Chronologie[[#This Row],[ST]] -> D-L-3 | G62: 45962 | H62: D | I62: L | J62: 3 | K62: SV Grün-Weiß Niederwiesa | L62: =IF(Chronologie[[#This Row],[H/A]]="A",VLOOKUP(Chronologie[[#This Row],[Gegner]],Orte[],4,FALSE),IF(Chronologie[[#This Row],[H/A]]="H","Hirschfeld",Chronologie[[#This Row],[Gegner]])) -> Niederwiesa | M62: A | N62: =Chronologie[[#This Row],[SA-NR]] -> 60 | O62: =IF(Chronologie[[#This Row],[Datum]]="","",IF(TODAY()>=Chronologie[[#This Row],[Datum]],1,0)) -> 1 | P62: =IF(COUNTIFS(Eingabe[ID],Chronologie[[#This Row],[ID]],Eingabe[GES],">0")>=1,1,0) -> 0 | Q62: =IF(YEAR(Chronologie[[#This Row],[Datum]])=2025,WEEKNUM(Chronologie[[#This Row],[Datum]],2)-34,IF(YEAR(Chronologie[[#This Row],[Datum]])=2026,WEEKNUM(Chronologie[[#This Row],[Datum]],2)+18,"")) -> 10 | R62: =IF(Chronologie[[#This Row],[Gegner]]="","",VLOOKUP(Chronologie[[#This Row],[Gegner]],Orte[],5,FALSE)) -> Niederwiesa | S62: =IF(Chronologie[[#This Row],[Gegner]]="","",IF(Chronologie[[#This Row],[H/A]]="H",4,VLOOKUP(Chronologie[[#This Row],[Gegner]],Orte[],6,FALSE))) -> 2 | T62: 11:00 Uhr | U62: =IFERROR(TIMEVALUE(LEFT(Chronologie[[#This Row],[Startzeit]],5)),"") -> 0.45833333 | V62: =IFERROR(TIMEVALUE(LEFT(Chronologie[[#This Row],[Startzeit]],5))+TIME(12/Chronologie[[#This Row],[Bahnen]],0,0),"") -> 0.70833333 | X62: SV Motor Sörnewitz | Y62: Kahlhügelweg 31, 01640 Coswig / Sörnewitz | Z62: 1640 | AA62: =IF(Orte[[#This Row],[Anschrift]]="",Orte[[#This Row],[Kurzform]],RIGHT(Orte[[#This Row],[Anschrift]],LEN(Orte[[#This Row],[Anschrift]])-FIND("#",SUBSTITUTE(Orte[[#This Row],[Anschrift]]," ","#",LEN(Orte[[#This Row],[Anschrift]])-LEN(SUBSTITUTE(Orte[[#This Row],[Anschrift]]," ",)))))) -> Sörnewitz | AB62: Sörnewitz | AC62: 4
E63: =ROW(E63)-2 -> 61 | F63: =Chronologie[[#This Row],[Team]]&"-"&Chronologie[[#This Row],[L/P/E]]&"-"&Chronologie[[#This Row],[ST]] -> D-L-4 | G63: 45976 | H63: D | I63: L | J63: 4 | K63: SV Krummenhennersdorf | L63: =IF(Chronologie[[#This Row],[H/A]]="A",VLOOKUP(Chronologie[[#This Row],[Gegner]],Orte[],4,FALSE),IF(Chronologie[[#This Row],[H/A]]="H","Hirschfeld",Chronologie[[#This Row],[Gegner]])) -> Krummenhennersdorf | M63: A | N63: =Chronologie[[#This Row],[SA-NR]] -> 61 | O63: =IF(Chronologie[[#This Row],[Datum]]="","",IF(TODAY()>=Chronologie[[#This Row],[Datum]],1,0)) -> 1 | P63: =IF(COUNTIFS(Eingabe[ID],Chronologie[[#This Row],[ID]],Eingabe[GES],">0")>=1,1,0) -> 1 | Q63: =IF(YEAR(Chronologie[[#This Row],[Datum]])=2025,WEEKNUM(Chronologie[[#This Row],[Datum]],2)-34,IF(YEAR(Chronologie[[#This Row],[Datum]])=2026,WEEKNUM(Chronologie[[#This Row],[Datum]],2)+18,"")) -> 12 | R63: =IF(Chronologie[[#This Row],[Gegner]]="","",VLOOKUP(Chronologie[[#This Row],[Gegner]],Orte[],5,FALSE)) -> Krummi | S63: =IF(Chronologie[[#This Row],[Gegner]]="","",IF(Chronologie[[#This Row],[H/A]]="H",4,VLOOKUP(Chronologie[[#This Row],[Gegner]],Orte[],6,FALSE))) -> 4 | T63: 11:00 Uhr | U63: =IFERROR(TIMEVALUE(LEFT(Chronologie[[#This Row],[Startzeit]],5)),"") -> 0.45833333 | V63: =IFERROR(TIMEVALUE(LEFT(Chronologie[[#This Row],[Startzeit]],5))+TIME(12/Chronologie[[#This Row],[Bahnen]],0,0),"") -> 0.58333333 | X63: SV Rotation Weißenborn | Y63: Frauensteiner Str. 14, 09600 Weißenborn | Z63: 9600 | AA63: =IF(Orte[[#This Row],[Anschrift]]="",Orte[[#This Row],[Kurzform]],RIGHT(Orte[[#This Row],[Anschrift]],LEN(Orte[[#This Row],[Anschrift]])-FIND("#",SUBSTITUTE(Orte[[#This Row],[Anschrift]]," ","#",LEN(Orte[[#This Row],[Anschrift]])-LEN(SUBSTITUTE(Orte[[#This Row],[Anschrift]]," ",)))))) -> Weißenborn | AB63: Weißenborn | AC63: 4
E64: =ROW(E64)-2 -> 62 | F64: =Chronologie[[#This Row],[Team]]&"-"&Chronologie[[#This Row],[L/P/E]]&"-"&Chronologie[[#This Row],[ST]] -> D-L-5 | G64: 45991 | H64: D | I64: L | J64: 5 | K64: BKC 52 | L64: =IF(Chronologie[[#This Row],[H/A]]="A",VLOOKUP(Chronologie[[#This Row],[Gegner]],Orte[],4,FALSE),IF(Chronologie[[#This Row],[H/A]]="H","Hirschfeld",Chronologie[[#This Row],[Gegner]])) -> Hirschfeld | M64: H | N64: =Chronologie[[#This Row],[SA-NR]] -> 62 | O64: =IF(Chronologie[[#This Row],[Datum]]="","",IF(TODAY()>=Chronologie[[#This Row],[Datum]],1,0)) -> 1 | P64: =IF(COUNTIFS(Eingabe[ID],Chronologie[[#This Row],[ID]],Eingabe[GES],">0")>=1,1,0) -> 1 | Q64: =IF(YEAR(Chronologie[[#This Row],[Datum]])=2025,WEEKNUM(Chronologie[[#This Row],[Datum]],2)-34,IF(YEAR(Chronologie[[#This Row],[Datum]])=2026,WEEKNUM(Chronologie[[#This Row],[Datum]],2)+18,"")) -> 14 | R64: =IF(Chronologie[[#This Row],[Gegner]]="","",VLOOKUP(Chronologie[[#This Row],[Gegner]],Orte[],5,FALSE)) -> BKC | S64: =IF(Chronologie[[#This Row],[Gegner]]="","",IF(Chronologie[[#This Row],[H/A]]="H",4,VLOOKUP(Chronologie[[#This Row],[Gegner]],Orte[],6,FALSE))) -> 4 | T64: 09:00 Uhr | U64: =IFERROR(TIMEVALUE(LEFT(Chronologie[[#This Row],[Startzeit]],5)),"") -> 0.375 | V64: =IFERROR(TIMEVALUE(LEFT(Chronologie[[#This Row],[Startzeit]],5))+TIME(12/Chronologie[[#This Row],[Bahnen]],0,0),"") -> 0.5 | X64: SV Rot-Weiß Niederschmiedeberg | Y64: Talstraße 20, 09518 Großrückerswalde / OT Niederschmiedeberg | Z64: 9518 | AA64: =IF(Orte[[#This Row],[Anschrift]]="",Orte[[#This Row],[Kurzform]],RIGHT(Orte[[#This Row],[Anschrift]],LEN(Orte[[#This Row],[Anschrift]])-FIND("#",SUBSTITUTE(Orte[[#This Row],[Anschrift]]," ","#",LEN(Orte[[#This Row],[Anschrift]])-LEN(SUBSTITUTE(Orte[[#This Row],[Anschrift]]," ",)))))) -> Niederschmiedeberg | AB64: Niederschm. | AC64: 2
E65: =ROW(E65)-2 -> 63 | F65: =Chronologie[[#This Row],[Team]]&"-"&Chronologie[[#This Row],[L/P/E]]&"-"&Chronologie[[#This Row],[ST]] -> D-L-7 | G65: 46039 | H65: D | I65: L | J65: 7 | K65: TSV 1848 Flöha | L65: =IF(Chronologie[[#This Row],[H/A]]="A",VLOOKUP(Chronologie[[#This Row],[Gegner]],Orte[],4,FALSE),IF(Chronologie[[#This Row],[H/A]]="H","Hirschfeld",Chronologie[[#This Row],[Gegner]])) -> Flöha | M65: A | N65: =Chronologie[[#This Row],[SA-NR]] -> 63 | O65: =IF(Chronologie[[#This Row],[Datum]]="","",IF(TODAY()>=Chronologie[[#This Row],[Datum]],1,0)) -> 1 | P65: =IF(COUNTIFS(Eingabe[ID],Chronologie[[#This Row],[ID]],Eingabe[GES],">0")>=1,1,0) -> 1 | Q65: =IF(YEAR(Chronologie[[#This Row],[Datum]])=2025,WEEKNUM(Chronologie[[#This Row],[Datum]],2)-34,IF(YEAR(Chronologie[[#This Row],[Datum]])=2026,WEEKNUM(Chronologie[[#This Row],[Datum]],2)+18,"")) -> 21 | R65: =IF(Chronologie[[#This Row],[Gegner]]="","",VLOOKUP(Chronologie[[#This Row],[Gegner]],Orte[],5,FALSE)) -> Flöha | S65: =IF(Chronologie[[#This Row],[Gegner]]="","",IF(Chronologie[[#This Row],[H/A]]="H",4,VLOOKUP(Chronologie[[#This Row],[Gegner]],Orte[],6,FALSE))) -> 4 | T65: 09:00 Uhr | U65: =IFERROR(TIMEVALUE(LEFT(Chronologie[[#This Row],[Startzeit]],5)),"") -> 0.375 | V65: =IFERROR(TIMEVALUE(LEFT(Chronologie[[#This Row],[Startzeit]],5))+TIME(12/Chronologie[[#This Row],[Bahnen]],0,0),"") -> 0.5 | X65: SV Rot-Weiß Treuen | Y65: Fr.-Engels-Str. 7, 08233 Treuen | Z65: 8233 | AA65: =IF(Orte[[#This Row],[Anschrift]]="",Orte[[#This Row],[Kurzform]],RIGHT(Orte[[#This Row],[Anschrift]],LEN(Orte[[#This Row],[Anschrift]])-FIND("#",SUBSTITUTE(Orte[[#This Row],[Anschrift]]," ","#",LEN(Orte[[#This Row],[Anschrift]])-LEN(SUBSTITUTE(Orte[[#This Row],[Anschrift]]," ",)))))) -> Treuen | AB65: Treuen | AC65: 4
... E75: =ROW(E75)-2 -> 73 | F75: =Chronologie[[#This Row],[Team]]&"-"&Chronologie[[#This Row],[L/P/E]]&"-"&Chronologie[[#This Row],[ST]] -> U14-L-6 | G75: 46054 | H75: U14 | I75: L | J75: 6 | K75: BKC 52 | L75: =IF(Chronologie[[#This Row],[H/A]]="A",VLOOKUP(Chronologie[[#This Row],[Gegner]],Orte[],4,FALSE),IF(Chronologie[[#This Row],[H/A]]="H","Hirschfeld",Chronologie[[#This Row],[Gegner]])) -> Brand-Erbisdorf | M75: A | N75: =Chronologie[[#This Row],[SA-NR]] -> 73 | O75: =IF(Chronologie[[#This Row],[Datum]]="","",IF(TODAY()>=Chronologie[[#This Row],[Datum]],1,0)) -> 1 | P75: =IF(COUNTIFS(Eingabe[ID],Chronologie[[#This Row],[ID]],Eingabe[GES],">0")>=1,1,0) -> 1 | Q75: =IF(YEAR(Chronologie[[#This Row],[Datum]])=2025,WEEKNUM(Chronologie[[#This Row],[Datum]],2)-34,IF(YEAR(Chronologie[[#This Row],[Datum]])=2026,WEEKNUM(Chronologie[[#This Row],[Datum]],2)+18,"")) -> 23 | R75: =IF(Chronologie[[#This Row],[Gegner]]="","",VLOOKUP(Chronologie[[#This Row],[Gegner]],Orte[],5,FALSE)) -> BKC | S75: =IF(Chronologie[[#This Row],[Gegner]]="","",IF(Chronologie[[#This Row],[H/A]]="H",4,VLOOKUP(Chronologie[[#This Row],[Gegner]],Orte[],6,FALSE))) -> 4 | T75: 12:20 Uhr | U75: =IFERROR(TIMEVALUE(LEFT(Chronologie[[#This Row],[Startzeit]],5)),"") -> 0.51388889 | V75: =IFERROR(TIMEVALUE(LEFT(Chronologie[[#This Row],[Startzeit]],5))+TIME(12/Chronologie[[#This Row],[Bahnen]],0,0),"") -> 0.63888889 | X75: VfB Eintracht Fraureuth | Y75: Werdauer Straße 71a, 08427 Fraureuth | Z75: 8427 | AA75: =IF(Orte[[#This Row],[Anschrift]]="",Orte[[#This Row],[Kurzform]],RIGHT(Orte[[#This Row],[Anschrift]],LEN(Orte[[#This Row],[Anschrift]])-FIND("#",SUBSTITUTE(Orte[[#This Row],[Anschrift]]," ","#",LEN(Orte[[#This Row],[Anschrift]])-LEN(SUBSTITUTE(Orte[[#This Row],[Anschrift]]," ",)))))) -> Fraureuth | AB75: Fraureuth | AC75: 4
E76: =ROW(E76)-2 -> 74 | F76: =Chronologie[[#This Row],[Team]]&"-"&Chronologie[[#This Row],[L/P/E]]&"-"&Chronologie[[#This Row],[ST]] -> U14-BEL-1 | G76: 45983 | H76: U14 | I76: BEL | J76: 1 | K76: VfB Lengenfeld | L76: =IF(Chronologie[[#This Row],[H/A]]="A",VLOOKUP(Chronologie[[#This Row],[Gegner]],Orte[],4,FALSE),IF(Chronologie[[#This Row],[H/A]]="H","Hirschfeld",Chronologie[[#This Row],[Gegner]])) -> Lengenfeld | M76: A | N76: =Chronologie[[#This Row],[SA-NR]] -> 74 | O76: =IF(Chronologie[[#This Row],[Datum]]="","",IF(TODAY()>=Chronologie[[#This Row],[Datum]],1,0)) -> 1 | P76: =IF(COUNTIFS(Eingabe[ID],Chronologie[[#This Row],[ID]],Eingabe[GES],">0")>=1,1,0) -> 1 | Q76: =IF(YEAR(Chronologie[[#This Row],[Datum]])=2025,WEEKNUM(Chronologie[[#This Row],[Datum]],2)-34,IF(YEAR(Chronologie[[#This Row],[Datum]])=2026,WEEKNUM(Chronologie[[#This Row],[Datum]],2)+18,"")) -> 13 | R76: =IF(Chronologie[[#This Row],[Gegner]]="","",VLOOKUP(Chronologie[[#This Row],[Gegner]],Orte[],5,FALSE)) -> Lengenfeld | S76: =IF(Chronologie[[#This Row],[Gegner]]="","",IF(Chronologie[[#This Row],[H/A]]="H",4,VLOOKUP(Chronologie[[#This Row],[Gegner]],Orte[],6,FALSE))) -> 4 | U76: =IFERROR(TIMEVALUE(LEFT(Chronologie[[#This Row],[Startzeit]],5)),"") | V76: =IFERROR(TIMEVALUE(LEFT(Chronologie[[#This Row],[Startzeit]],5))+TIME(12/Chronologie[[#This Row],[Bahnen]],0,0),"") | X76: VfB Lengenfeld | Y76: Waldkirchener Weg 15, 08485 Lengenfeld | Z76: 8485 | AA76: =IF(Orte[[#This Row],[Anschrift]]="",Orte[[#This Row],[Kurzform]],RIGHT(Orte[[#This Row],[Anschrift]],LEN(Orte[[#This Row],[Anschrift]])-FIND("#",SUBSTITUTE(Orte[[#This Row],[Anschrift]]," ","#",LEN(Orte[[#This Row],[Anschrift]])-LEN(SUBSTITUTE(Orte[[#This Row],[Anschrift]]," ",)))))) -> Lengenfeld | AB76: Lengenfeld | AC76: 4
E77: =ROW(E77)-2 -> 75 | F77: =Chronologie[[#This Row],[Team]]&"-"&Chronologie[[#This Row],[L/P/E]]&"-"&Chronologie[[#This Row],[ST]] -> U14-BEL-2 | G77: 46039 | H77: U14 | I77: BEL | J77: 2 | K77: KSV Pockau-Lengefeld | L77: =IF(Chronologie[[#This Row],[H/A]]="A",VLOOKUP(Chronologie[[#This Row],[Gegner]],Orte[],4,FALSE),IF(Chronologie[[#This Row],[H/A]]="H","Hirschfeld",Chronologie[[#This Row],[Gegner]])) -> Pockau-Lengefeld | M77: A | N77: =Chronologie[[#This Row],[SA-NR]] -> 75 | O77: =IF(Chronologie[[#This Row],[Datum]]="","",IF(TODAY()>=Chronologie[[#This Row],[Datum]],1,0)) -> 1 | P77: =IF(COUNTIFS(Eingabe[ID],Chronologie[[#This Row],[ID]],Eingabe[GES],">0")>=1,1,0) -> 1 | Q77: =IF(YEAR(Chronologie[[#This Row],[Datum]])=2025,WEEKNUM(Chronologie[[#This Row],[Datum]],2)-34,IF(YEAR(Chronologie[[#This Row],[Datum]])=2026,WEEKNUM(Chronologie[[#This Row],[Datum]],2)+18,"")) -> 21 | R77: =IF(Chronologie[[#This Row],[Gegner]]="","",VLOOKUP(Chronologie[[#This Row],[Gegner]],Orte[],5,FALSE)) -> Pockau | S77: =IF(Chronologie[[#This Row],[Gegner]]="","",IF(Chronologie[[#This Row],[H/A]]="H",4,VLOOKUP(Chronologie[[#This Row],[Gegner]],Orte[],6,FALSE))) -> 4 | U77: =IFERROR(TIMEVALUE(LEFT(Chronologie[[#This Row],[Startzeit]],5)),"") | V77: =IFERROR(TIMEVALUE(LEFT(Chronologie[[#This Row],[Startzeit]],5))+TIME(12/Chronologie[[#This Row],[Bahnen]],0,0),"") | X77: SV Einheit Kamenz | Y77: Dittrichstraße 31, 01917 Kamenz | Z77: 1917 | AA77: =IF(Orte[[#This Row],[Anschrift]]="",Orte[[#This Row],[Kurzform]],RIGHT(Orte[[#This Row],[Anschrift]],LEN(Orte[[#This Row],[Anschrift]])-FIND("#",SUBSTITUTE(Orte[[#This Row],[Anschrift]]," ","#",LEN(Orte[[#This Row],[Anschrift]])-LEN(SUBSTITUTE(Orte[[#This Row],[Anschrift]]," ",)))))) -> Kamenz | AB77: Kamenz | AC77: 4
E78: =ROW(E78)-2 -> 76 | F78: =Chronologie[[#This Row],[Team]]&"-"&Chronologie[[#This Row],[L/P/E]]&"-"&Chronologie[[#This Row],[ST]] -> U14-BEL-3 | G78: 46088 | H78: U14 | I78: BEL | J78: 3 | K78: KV Reinsdorf | L78: =IF(Chronologie[[#This Row],[H/A]]="A",VLOOKUP(Chronologie[[#This Row],[Gegner]],Orte[],4,FALSE),IF(Chronologie[[#This Row],[H/A]]="H","Hirschfeld",Chronologie[[#This Row],[Gegner]])) -> Reinsdorf | M78: A | N78: =Chronologie[[#This Row],[SA-NR]] -> 76 | O78: =IF(Chronologie[[#This Row],[Datum]]="","",IF(TODAY()>=Chronologie[[#This Row],[Datum]],1,0)) -> 0 | P78: =IF(COUNTIFS(Eingabe[ID],Chronologie[[#This Row],[ID]],Eingabe[GES],">0")>=1,1,0) -> 0 | Q78: =IF(YEAR(Chronologie[[#This Row],[Datum]])=2025,WEEKNUM(Chronologie[[#This Row],[Datum]],2)-34,IF(YEAR(Chronologie[[#This Row],[Datum]])=2026,WEEKNUM(Chronologie[[#This Row],[Datum]],2)+18,"")) -> 28 | R78: =IF(Chronologie[[#This Row],[Gegner]]="","",VLOOKUP(Chronologie[[#This Row],[Gegner]],Orte[],5,FALSE)) -> Reinsdorf | S78: =IF(Chronologie[[#This Row],[Gegner]]="","",IF(Chronologie[[#This Row],[H/A]]="H",4,VLOOKUP(Chronologie[[#This Row],[Gegner]],Orte[],6,FALSE))) -> 4 | U78: =IFERROR(TIMEVALUE(LEFT(Chronologie[[#This Row],[Startzeit]],5)),"") | V78: =IFERROR(TIMEVALUE(LEFT(Chronologie[[#This Row],[Startzeit]],5))+TIME(12/Chronologie[[#This Row],[Bahnen]],0,0),"") | X78: Münchner Kegler-Verein e.V. | Y78: Säbener Str. 49, 81547 München | Z78: 81547 | AA78: =IF(Orte[[#This Row],[Anschrift]]="",Orte[[#This Row],[Kurzform]],RIGHT(Orte[[#This Row],[Anschrift]],LEN(Orte[[#This Row],[Anschrift]])-FIND("#",SUBSTITUTE(Orte[[#This Row],[Anschrift]]," ","#",LEN(Orte[[#This Row],[Anschrift]])-LEN(SUBSTITUTE(Orte[[#This Row],[Anschrift]]," ",)))))) -> München | AB78: München | AC78: 18
E79: =ROW(E79)-2 -> 77 | F79: =Chronologie[[#This Row],[Team]]&"-"&Chronologie[[#This Row],[L/P/E]]&"-"&Chronologie[[#This Row],[ST]] -> U14-BEL-4 | G79: 46123 | H79: U14 | I79: BEL | J79: 4 | K79: Hirschfelder SV | L79: =IF(Chronologie[[#This Row],[H/A]]="A",VLOOKUP(Chronologie[[#This Row],[Gegner]],Orte[],4,FALSE),IF(Chronologie[[#This Row],[H/A]]="H","Hirschfeld",Chronologie[[#This Row],[Gegner]])) -> Hirschfeld | M79: H | N79: =Chronologie[[#This Row],[SA-NR]] -> 77 | O79: =IF(Chronologie[[#This Row],[Datum]]="","",IF(TODAY()>=Chronologie[[#This Row],[Datum]],1,0)) -> 0 | P79: =IF(COUNTIFS(Eingabe[ID],Chronologie[[#This Row],[ID]],Eingabe[GES],">0")>=1,1,0) -> 0 | Q79: =IF(YEAR(Chronologie[[#This Row],[Datum]])=2025,WEEKNUM(Chronologie[[#This Row],[Datum]],2)-34,IF(YEAR(Chronologie[[#This Row],[Datum]])=2026,WEEKNUM(Chronologie[[#This Row],[Datum]],2)+18,"")) -> 33 | R79: =IF(Chronologie[[#This Row],[Gegner]]="","",VLOOKUP(Chronologie[[#This Row],[Gegner]],Orte[],5,FALSE)) -> HSV | S79: =IF(Chronologie[[#This Row],[Gegner]]="","",IF(Chronologie[[#This Row],[H/A]]="H",4,VLOOKUP(Chronologie[[#This Row],[Gegner]],Orte[],6,FALSE))) -> 4 | U79: =IFERROR(TIMEVALUE(LEFT(Chronologie[[#This Row],[Startzeit]],5)),"") | V79: =IFERROR(TIMEVALUE(LEFT(Chronologie[[#This Row],[Startzeit]],5))+TIME(12/Chronologie[[#This Row],[Bahnen]],0,0),"") | X79: TuS Oelsnitz/E. | Y79: Rathauspl. 3, 09376 Oelsnitz/Erzgebirge | Z79: 9376 | AA79: =IF(Orte[[#This Row],[Anschrift]]="",Orte[[#This Row],[Kurzform]],RIGHT(Orte[[#This Row],[Anschrift]],LEN(Orte[[#This Row],[Anschrift]])-FIND("#",SUBSTITUTE(Orte[[#This Row],[Anschrift]]," ","#",LEN(Orte[[#This Row],[Anschrift]])-LEN(SUBSTITUTE(Orte[[#This Row],[Anschrift]]," ",)))))) -> Oelsnitz/Erzgebirge | AB79: Oelsnitz | AC79: 4
E80: =ROW(E80)-2 -> 78 | F80: =Chronologie[[#This Row],[Team]]&"-"&Chronologie[[#This Row],[L/P/E]]&"-"&Chronologie[[#This Row],[ST]] -> U19-RLT-1 | G80: 45970 | H80: U19 | I80: RLT | J80: 1 | K80: Hirschfelder SV | L80: =IF(Chronologie[[#This Row],[H/A]]="A",VLOOKUP(Chronologie[[#This Row],[Gegner]],Orte[],4,FALSE),IF(Chronologie[[#This Row],[H/A]]="H","Hirschfeld",Chronologie[[#This Row],[Gegner]])) -> Hirschfeld | M80: H | N80: =Chronologie[[#This Row],[SA-NR]] -> 78 | O80: =IF(Chronologie[[#This Row],[Datum]]="","",IF(TODAY()>=Chronologie[[#This Row],[Datum]],1,0)) -> 1 | P80: =IF(COUNTIFS(Eingabe[ID],Chronologie[[#This Row],[ID]],Eingabe[GES],">0")>=1,1,0) -> 1 | Q80: =IF(YEAR(Chronologie[[#This Row],[Datum]])=2025,WEEKNUM(Chronologie[[#This Row],[Datum]],2)-34,IF(YEAR(Chronologie[[#This Row],[Datum]])=2026,WEEKNUM(Chronologie[[#This Row],[Datum]],2)+18,"")) -> 11 | R80: =IF(Chronologie[[#This Row],[Gegner]]="","",VLOOKUP(Chronologie[[#This Row],[Gegner]],Orte[],5,FALSE)) -> HSV | S80: =IF(Chronologie[[#This Row],[Gegner]]="","",IF(Chronologie[[#This Row],[H/A]]="H",4,VLOOKUP(Chronologie[[#This Row],[Gegner]],Orte[],6,FALSE))) -> 4 | U80: =IFERROR(TIMEVALUE(LEFT(Chronologie[[#This Row],[Startzeit]],5)),"") | V80: =IFERROR(TIMEVALUE(LEFT(Chronologie[[#This Row],[Startzeit]],5))+TIME(12/Chronologie[[#This Row],[Bahnen]],0,0),"") | X80: TSV 90 Zwickau II | Y80: Marienthaler Str. 120, 08060 Zwickau | Z80: 8060 | AA80: =IF(Orte[[#This Row],[Anschrift]]="",Orte[[#This Row],[Kurzform]],RIGHT(Orte[[#This Row],[Anschrift]],LEN(Orte[[#This Row],[Anschrift]])-FIND("#",SUBSTITUTE(Orte[[#This Row],[Anschrift]]," ","#",LEN(Orte[[#This Row],[Anschrift]])-LEN(SUBSTITUTE(Orte[[#This Row],[Anschrift]]," ",)))))) -> Zwickau | AB80: Zwickau | AC80: 6
E81: =ROW(E81)-2 -> 79 | F81: =Chronologie[[#This Row],[Team]]&"-"&Chronologie[[#This Row],[L/P/E]]&"-"&Chronologie[[#This Row],[ST]] -> U19-RLT-2 | G81: 45991 | H81: U19 | I81: RLT | J81: 2 | K81: TSV Fortschritt Mittweida | L81: =IF(Chronologie[[#This Row],[H/A]]="A",VLOOKUP(Chronologie[[#This Row],[Gegner]],Orte[],4,FALSE),IF(Chronologie[[#This Row],[H/A]]="H","Hirschfeld",Chronologie[[#This Row],[Gegner]])) -> Mittweida | M81: A | N81: =Chronologie[[#This Row],[SA-NR]] -> 79 | O81: =IF(Chronologie[[#This Row],[Datum]]="","",IF(TODAY()>=Chronologie[[#This Row],[Datum]],1,0)) -> 1 | P81: =IF(COUNTIFS(Eingabe[ID],Chronologie[[#This Row],[ID]],Eingabe[GES],">0")>=1,1,0) -> 1 | Q81: =IF(YEAR(Chronologie[[#This Row],[Datum]])=2025,WEEKNUM(Chronologie[[#This Row],[Datum]],2)-34,IF(YEAR(Chronologie[[#This Row],[Datum]])=2026,WEEKNUM(Chronologie[[#This Row],[Datum]],2)+18,"")) -> 14 | R81: =IF(Chronologie[[#This Row],[Gegner]]="","",VLOOKUP(Chronologie[[#This Row],[Gegner]],Orte[],5,FALSE)) -> Mittweida | S81: =IF(Chronologie[[#This Row],[Gegner]]="","",IF(Chronologie[[#This Row],[H/A]]="H",4,VLOOKUP(Chronologie[[#This Row],[Gegner]],Orte[],6,FALSE))) -> 4 | U81: =IFERROR(TIMEVALUE(LEFT(Chronologie[[#This Row],[Startzeit]],5)),"") | V81: =IFERROR(TIMEVALUE(LEFT(Chronologie[[#This Row],[Startzeit]],5))+TIME(12/Chronologie[[#This Row],[Bahnen]],0,0),"") | X81: KSV Freiburg e.V. | Y81: Ensisheimer Str. 7, 79110 Freiburg | Z81: 79110 | AA81: =IF(Orte[[#This Row],[Anschrift]]="",Orte[[#This Row],[Kurzform]],RIGHT(Orte[[#This Row],[Anschrift]],LEN(Orte[[#This Row],[Anschrift]])-FIND("#",SUBSTITUTE(Orte[[#This Row],[Anschrift]]," ","#",LEN(Orte[[#This Row],[Anschrift]])-LEN(SUBSTITUTE(Orte[[#This Row],[Anschrift]]," ",)))))) -> Freiburg | AB81: Freiburg | AC81: 8
E82: =ROW(E82)-2 -> 80 | F82: =Chronologie[[#This Row],[Team]]&"-"&Chronologie[[#This Row],[L/P/E]]&"-"&Chronologie[[#This Row],[ST]] -> U19-RLT-3 | H82: U19 | I82: RLT | J82: 3 | L82: =IF(Chronologie[[#This Row],[H/A]]="A",VLOOKUP(Chronologie[[#This Row],[Gegner]],Orte[],4,FALSE),IF(Chronologie[[#This Row],[H/A]]="H","Hirschfeld",Chronologie[[#This Row],[Gegner]])) -> 0 | N82: =Chronologie[[#This Row],[SA-NR]] -> 80 | O82: =IF(Chronologie[[#This Row],[Datum]]="","",IF(TODAY()>=Chronologie[[#This Row],[Datum]],1,0)) | P82: =IF(COUNTIFS(Eingabe[ID],Chronologie[[#This Row],[ID]],Eingabe[GES],">0")>=1,1,0) -> 0 | Q82: =IF(YEAR(Chronologie[[#This Row],[Datum]])=2025,WEEKNUM(Chronologie[[#This Row],[Datum]],2)-34,IF(YEAR(Chronologie[[#This Row],[Datum]])=2026,WEEKNUM(Chronologie[[#This Row],[Datum]],2)+18,"")) | R82: =IF(Chronologie[[#This Row],[Gegner]]="","",VLOOKUP(Chronologie[[#This Row],[Gegner]],Orte[],5,FALSE)) | S82: =IF(Chronologie[[#This Row],[Gegner]]="","",IF(Chronologie[[#This Row],[H/A]]="H",4,VLOOKUP(Chronologie[[#This Row],[Gegner]],Orte[],6,FALSE))) | U82: =IFERROR(TIMEVALUE(LEFT(Chronologie[[#This Row],[Startzeit]],5)),"") | V82: =IFERROR(TIMEVALUE(LEFT(Chronologie[[#This Row],[Startzeit]],5))+TIME(12/Chronologie[[#This Row],[Bahnen]],0,0),"") | X82: SpG Großschirma/Brand-Erbisdorf | Y82: Jahnstraße 11, 09618 Brand-Erbisdorf | Z82: 9618 | AA82: =IF(Orte[[#This Row],[Anschrift]]="",Orte[[#This Row],[Kurzform]],RIGHT(Orte[[#This Row],[Anschrift]],LEN(Orte[[#This Row],[Anschrift]])-FIND("#",SUBSTITUTE(Orte[[#This Row],[Anschrift]]," ","#",LEN(Orte[[#This Row],[Anschrift]])-LEN(SUBSTITUTE(Orte[[#This Row],[Anschrift]]," ",)))))) -> Brand-Erbisdorf | AB82: Großschirma | AC82: 4
E83: =ROW(E83)-2 -> 81 | F83: =Chronologie[[#This Row],[Team]]&"-"&Chronologie[[#This Row],[L/P/E]]&"-"&Chronologie[[#This Row],[ST]] -> E-P-1 | G83: 45983 | H83: E | I83: P | J83: 1 | K83: SV Dölzig | L83: =IF(Chronologie[[#This Row],[H/A]]="A",VLOOKUP(Chronologie[[#This Row],[Gegner]],Orte[],4,FALSE),IF(Chronologie[[#This Row],[H/A]]="H","Hirschfeld",Chronologie[[#This Row],[Gegner]])) -> Leipzig | M83: A | N83: =Chronologie[[#This Row],[SA-NR]] -> 81 | O83: =IF(Chronologie[[#This Row],[Datum]]="","",IF(TODAY()>=Chronologie[[#This Row],[Datum]],1,0)) -> 1 | P83: =IF(COUNTIFS(Eingabe[ID],Chronologie[[#This Row],[ID]],Eingabe[GES],">0")>=1,1,0) -> 1 | Q83: =IF(YEAR(Chronologie[[#This Row],[Datum]])=2025,WEEKNUM(Chronologie[[#This Row],[Datum]],2)-34,IF(YEAR(Chronologie[[#This Row],[Datum]])=2026,WEEKNUM(Chronologie[[#This Row],[Datum]],2)+18,"")) -> 13 | R83: =IF(Chronologie[[#This Row],[Gegner]]="","",VLOOKUP(Chronologie[[#This Row],[Gegner]],Orte[],5,FALSE)) -> Dölzig | S83: =IF(Chronologie[[#This Row],[Gegner]]="","",IF(Chronologie[[#This Row],[H/A]]="H",4,VLOOKUP(Chronologie[[#This Row],[Gegner]],Orte[],6,FALSE))) -> 4 | U83: =IFERROR(TIMEVALUE(LEFT(Chronologie[[#This Row],[Startzeit]],5)),"") | V83: =IFERROR(TIMEVALUE(LEFT(Chronologie[[#This Row],[Startzeit]],5))+TIME(12/Chronologie[[#This Row],[Bahnen]],0,0),"") | X83: SV Schönberg | Y83: An der Sachsenlandhalle 3, 08371 Glauchau | Z83: 8371 | AA83: =IF(Orte[[#This Row],[Anschrift]]="",Orte[[#This Row],[Kurzform]],RIGHT(Orte[[#This Row],[Anschrift]],LEN(Orte[[#This Row],[Anschrift]])-FIND("#",SUBSTITUTE(Orte[[#This Row],[Anschrift]]," ","#",LEN(Orte[[#This Row],[Anschrift]])-LEN(SUBSTITUTE(Orte[[#This Row],[Anschrift]]," ",)))))) -> Glauchau | AB83: Schönberg | AC83: 4
E84: =ROW(E84)-2 -> 82 | F84: =Chronologie[[#This Row],[Team]]&"-"&Chronologie[[#This Row],[L/P/E]]&"-"&Chronologie[[#This Row],[ST]] -> E-DKBC-Pokal-3 | G84: 45997 | H84: E | I84: DKBC-Pokal | J84: 3 | K84: Lok Köthen | L84: =IF(Chronologie[[#This Row],[H/A]]="A",VLOOKUP(Chronologie[[#This Row],[Gegner]],Orte[],4,FALSE),IF(Chronologie[[#This Row],[H/A]]="H","Hirschfeld",Chronologie[[#This Row],[Gegner]])) -> Köthen | M84: A | N84: =Chronologie[[#This Row],[SA-NR]] -> 82 | O84: =IF(Chronologie[[#This Row],[Datum]]="","",IF(TODAY()>=Chronologie[[#This Row],[Datum]],1,0)) -> 1 | P84: =IF(COUNTIFS(Eingabe[ID],Chronologie[[#This Row],[ID]],Eingabe[GES],">0")>=1,1,0) -> 1 | Q84: =IF(YEAR(Chronologie[[#This Row],[Datum]])=2025,WEEKNUM(Chronologie[[#This Row],[Datum]],2)-34,IF(YEAR(Chronologie[[#This Row],[Datum]])=2026,WEEKNUM(Chronologie[[#This Row],[Datum]],2)+18,"")) -> 15 | R84: =IF(Chronologie[[#This Row],[Gegner]]="","",VLOOKUP(Chronologie[[#This Row],[Gegner]],Orte[],5,FALSE)) -> Köthen | S84: =IF(Chronologie[[#This Row],[Gegner]]="","",IF(Chronologie[[#This Row],[H/A]]="H",4,VLOOKUP(Chronologie[[#This Row],[Gegner]],Orte[],6,FALSE))) -> 4 | T84: 13:30 Uhr | U84: =IFERROR(TIMEVALUE(LEFT(Chronologie[[#This Row],[Startzeit]],5)),"") -> 0.5625 | V84: =IFERROR(TIMEVALUE(LEFT(Chronologie[[#This Row],[Startzeit]],5))+TIME(12/Chronologie[[#This Row],[Bahnen]],0,0),"") -> 0.6875 | X84: ISG Hagenwerder | Y84: An der Alten F99, 02827 Hagenwerder | Z84: 2827 | AA84: =IF(Orte[[#This Row],[Anschrift]]="",Orte[[#This Row],[Kurzform]],RIGHT(Orte[[#This Row],[Anschrift]],LEN(Orte[[#This Row],[Anschrift]])-FIND("#",SUBSTITUTE(Orte[[#This Row],[Anschrift]]," ","#",LEN(Orte[[#This Row],[Anschrift]])-LEN(SUBSTITUTE(Orte[[#This Row],[Anschrift]]," ",)))))) -> Hagenwerder | AB84: Hagenwerder | AC84: 4
E85: =ROW(E85)-2 -> 83 | F85: =Chronologie[[#This Row],[Team]]&"-"&Chronologie[[#This Row],[L/P/E]]&"-"&Chronologie[[#This Row],[ST]] -> U14-KEM-V | G85: 46025 | H85: U14 | I85: KEM | J85: V | K85: Hirschfelder SV | L85: =IF(Chronologie[[#This Row],[H/A]]="A",VLOOKUP(Chronologie[[#This Row],[Gegner]],Orte[],4,FALSE),IF(Chronologie[[#This Row],[H/A]]="H","Hirschfeld",Chronologie[[#This Row],[Gegner]])) -> Hirschfeld | M85: H | N85: =Chronologie[[#This Row],[SA-NR]] -> 83 | O85: =IF(Chronologie[[#This Row],[Datum]]="","",IF(TODAY()>=Chronologie[[#This Row],[Datum]],1,0)) -> 1 | P85: =IF(COUNTIFS(Eingabe[ID],Chronologie[[#This Row],[ID]],Eingabe[GES],">0")>=1,1,0) -> 1 | Q85: =IF(YEAR(Chronologie[[#This Row],[Datum]])=2025,WEEKNUM(Chronologie[[#This Row],[Datum]],2)-34,IF(YEAR(Chronologie[[#This Row],[Datum]])=2026,WEEKNUM(Chronologie[[#This Row],[Datum]],2)+18,"")) -> 19 | R85: =IF(Chronologie[[#This Row],[Gegner]]="","",VLOOKUP(Chronologie[[#This Row],[Gegner]],Orte[],5,FALSE)) -> HSV | S85: =IF(Chronologie[[#This Row],[Gegner]]="","",IF(Chronologie[[#This Row],[H/A]]="H",4,VLOOKUP(Chronologie[[#This Row],[Gegner]],Orte[],6,FALSE))) -> 4 | U85: =IFERROR(TIMEVALUE(LEFT(Chronologie[[#This Row],[Startzeit]],5)),"") | V85: =IFERROR(TIMEVALUE(LEFT(Chronologie[[#This Row],[Startzeit]],5))+TIME(12/Chronologie[[#This Row],[Bahnen]],0,0),"") | X85: MSV Bautzen 04 | Y85: Neusalzaer Str. 57, 02625 Bautzen | Z85: 2625 | AA85: =IF(Orte[[#This Row],[Anschrift]]="",Orte[[#This Row],[Kurzform]],RIGHT(Orte[[#This Row],[Anschrift]],LEN(Orte[[#This Row],[Anschrift]])-FIND("#",SUBSTITUTE(Orte[[#This Row],[Anschrift]]," ","#",LEN(Orte[[#This Row],[Anschrift]])-LEN(SUBSTITUTE(Orte[[#This Row],[Anschrift]]," ",)))))) -> Bautzen | AB85: MSV Bautzen | AC85: 4
E86: =ROW(E86)-2 -> 84 | F86: =Chronologie[[#This Row],[Team]]&"-"&Chronologie[[#This Row],[L/P/E]]&"-"&Chronologie[[#This Row],[ST]] -> U19-KEM-V | G86: 46025 | H86: U19 | I86: KEM | J86: V | K86: Hirschfelder SV | L86: =IF(Chronologie[[#This Row],[H/A]]="A",VLOOKUP(Chronologie[[#This Row],[Gegner]],Orte[],4,FALSE),IF(Chronologie[[#This Row],[H/A]]="H","Hirschfeld",Chronologie[[#This Row],[Gegner]])) -> Hirschfeld | M86: H | N86: =Chronologie[[#This Row],[SA-NR]] -> 84 | O86: =IF(Chronologie[[#This Row],[Datum]]="","",IF(TODAY()>=Chronologie[[#This Row],[Datum]],1,0)) -> 1 | P86: =IF(COUNTIFS(Eingabe[ID],Chronologie[[#This Row],[ID]],Eingabe[GES],">0")>=1,1,0) -> 1 | Q86: =IF(YEAR(Chronologie[[#This Row],[Datum]])=2025,WEEKNUM(Chronologie[[#This Row],[Datum]],2)-34,IF(YEAR(Chronologie[[#This Row],[Datum]])=2026,WEEKNUM(Chronologie[[#This Row],[Datum]],2)+18,"")) -> 19 | R86: =IF(Chronologie[[#This Row],[Gegner]]="","",VLOOKUP(Chronologie[[#This Row],[Gegner]],Orte[],5,FALSE)) -> HSV | S86: =IF(Chronologie[[#This Row],[Gegner]]="","",IF(Chronologie[[#This Row],[H/A]]="H",4,VLOOKUP(Chronologie[[#This Row],[Gegner]],Orte[],6,FALSE))) -> 4 | U86: =IFERROR(TIMEVALUE(LEFT(Chronologie[[#This Row],[Startzeit]],5)),"") | V86: =IFERROR(TIMEVALUE(LEFT(Chronologie[[#This Row],[Startzeit]],5))+TIME(12/Chronologie[[#This Row],[Bahnen]],0,0),"") | X86: SKV 9-Pins Stollberg | Y86: Bergstr.4, 09366 Stollberg | Z86: 9366 | AA86: =IF(Orte[[#This Row],[Anschrift]]="",Orte[[#This Row],[Kurzform]],RIGHT(Orte[[#This Row],[Anschrift]],LEN(Orte[[#This Row],[Anschrift]])-FIND("#",SUBSTITUTE(Orte[[#This Row],[Anschrift]]," ","#",LEN(Orte[[#This Row],[Anschrift]])-LEN(SUBSTITUTE(Orte[[#This Row],[Anschrift]]," ",)))))) -> Stollberg | AB86: Stollberg | AC86: 4
E87: =ROW(E87)-2 -> 85 | F87: =Chronologie[[#This Row],[Team]]&"-"&Chronologie[[#This Row],[L/P/E]]&"-"&Chronologie[[#This Row],[ST]] -> U23-KEM-V | G87: 46032 | H87: U23 | I87: KEM | J87: V | K87: TuS 1875 Großschirma | L87: =IF(Chronologie[[#This Row],[H/A]]="A",VLOOKUP(Chronologie[[#This Row],[Gegner]],Orte[],4,FALSE),IF(Chronologie[[#This Row],[H/A]]="H","Hirschfeld",Chronologie[[#This Row],[Gegner]])) -> Großschirma | M87: A | N87: =Chronologie[[#This Row],[SA-NR]] -> 85 | O87: =IF(Chronologie[[#This Row],[Datum]]="","",IF(TODAY()>=Chronologie[[#This Row],[Datum]],1,0)) -> 1 | P87: =IF(COUNTIFS(Eingabe[ID],Chronologie[[#This Row],[ID]],Eingabe[GES],">0")>=1,1,0) -> 1 | Q87: =IF(YEAR(Chronologie[[#This Row],[Datum]])=2025,WEEKNUM(Chronologie[[#This Row],[Datum]],2)-34,IF(YEAR(Chronologie[[#This Row],[Datum]])=2026,WEEKNUM(Chronologie[[#This Row],[Datum]],2)+18,"")) -> 20 | R87: =IF(Chronologie[[#This Row],[Gegner]]="","",VLOOKUP(Chronologie[[#This Row],[Gegner]],Orte[],5,FALSE)) -> Großschirma | S87: =IF(Chronologie[[#This Row],[Gegner]]="","",IF(Chronologie[[#This Row],[H/A]]="H",4,VLOOKUP(Chronologie[[#This Row],[Gegner]],Orte[],6,FALSE))) -> 2 | U87: =IFERROR(TIMEVALUE(LEFT(Chronologie[[#This Row],[Startzeit]],5)),"") | V87: =IFERROR(TIMEVALUE(LEFT(Chronologie[[#This Row],[Startzeit]],5))+TIME(12/Chronologie[[#This Row],[Bahnen]],0,0),"") | X87: KSV Heidenau | Y87: Am Sportforum 4, 01809 Heidenau | Z87: 1809 | AA87: =IF(Orte[[#This Row],[Anschrift]]="",Orte[[#This Row],[Kurzform]],RIGHT(Orte[[#This Row],[Anschrift]],LEN(Orte[[#This Row],[Anschrift]])-FIND("#",SUBSTITUTE(Orte[[#This Row],[Anschrift]]," ","#",LEN(Orte[[#This Row],[Anschrift]])-LEN(SUBSTITUTE(Orte[[#This Row],[Anschrift]]," ",)))))) -> Heidenau | AB87: Heidenau | AC87: 4
E88: =ROW(E88)-2 -> 86 | F88: =Chronologie[[#This Row],[Team]]&"-"&Chronologie[[#This Row],[L/P/E]]&"-"&Chronologie[[#This Row],[ST]] -> Ü60-KEM-V | G88: 46032 | H88: Ü60 | I88: KEM | J88: V | K88: KSV Grün-Weiß Leubsdorf | L88: =IF(Chronologie[[#This Row],[H/A]]="A",VLOOKUP(Chronologie[[#This Row],[Gegner]],Orte[],4,FALSE),IF(Chronologie[[#This Row],[H/A]]="H","Hirschfeld",Chronologie[[#This Row],[Gegner]])) -> Leubsdorf | M88: A | N88: =Chronologie[[#This Row],[SA-NR]] -> 86 | O88: =IF(Chronologie[[#This Row],[Datum]]="","",IF(TODAY()>=Chronologie[[#This Row],[Datum]],1,0)) -> 1 | P88: =IF(COUNTIFS(Eingabe[ID],Chronologie[[#This Row],[ID]],Eingabe[GES],">0")>=1,1,0) -> 1 | Q88: =IF(YEAR(Chronologie[[#This Row],[Datum]])=2025,WEEKNUM(Chronologie[[#This Row],[Datum]],2)-34,IF(YEAR(Chronologie[[#This Row],[Datum]])=2026,WEEKNUM(Chronologie[[#This Row],[Datum]],2)+18,"")) -> 20 | R88: =IF(Chronologie[[#This Row],[Gegner]]="","",VLOOKUP(Chronologie[[#This Row],[Gegner]],Orte[],5,FALSE)) -> Leubsdorf | S88: =IF(Chronologie[[#This Row],[Gegner]]="","",IF(Chronologie[[#This Row],[H/A]]="H",4,VLOOKUP(Chronologie[[#This Row],[Gegner]],Orte[],6,FALSE))) -> 2 | U88: =IFERROR(TIMEVALUE(LEFT(Chronologie[[#This Row],[Startzeit]],5)),"") | V88: =IFERROR(TIMEVALUE(LEFT(Chronologie[[#This Row],[Startzeit]],5))+TIME(12/Chronologie[[#This Row],[Bahnen]],0,0),"") | X88: TSV 1848 Flöha | Y88: Dammstraße 4, 09557 Flöha | Z88: 9557 | AA88: =IF(Orte[[#This Row],[Anschrift]]="",Orte[[#This Row],[Kurzform]],RIGHT(Orte[[#This Row],[Anschrift]],LEN(Orte[[#This Row],[Anschrift]])-FIND("#",SUBSTITUTE(Orte[[#This Row],[Anschrift]]," ","#",LEN(Orte[[#This Row],[Anschrift]])-LEN(SUBSTITUTE(Orte[[#This Row],[Anschrift]]," ",)))))) -> Flöha | AB88: Flöha | AC88: 4
E89: =ROW(E89)-2 -> 87 | F89: =Chronologie[[#This Row],[Team]]&"-"&Chronologie[[#This Row],[L/P/E]]&"-"&Chronologie[[#This Row],[ST]] -> Ü50-KEM-V | G89: 46032 | H89: Ü50 | I89: KEM | J89: V | K89: TuS 1875 Großschirma | L89: =IF(Chronologie[[#This Row],[H/A]]="A",VLOOKUP(Chronologie[[#This Row],[Gegner]],Orte[],4,FALSE),IF(Chronologie[[#This Row],[H/A]]="H","Hirschfeld",Chronologie[[#This Row],[Gegner]])) -> Großschirma | M89: A | N89: =Chronologie[[#This Row],[SA-NR]] -> 87 | O89: =IF(Chronologie[[#This Row],[Datum]]="","",IF(TODAY()>=Chronologie[[#This Row],[Datum]],1,0)) -> 1 | P89: =IF(COUNTIFS(Eingabe[ID],Chronologie[[#This Row],[ID]],Eingabe[GES],">0")>=1,1,0) -> 1 | Q89: =IF(YEAR(Chronologie[[#This Row],[Datum]])=2025,WEEKNUM(Chronologie[[#This Row],[Datum]],2)-34,IF(YEAR(Chronologie[[#This Row],[Datum]])=2026,WEEKNUM(Chronologie[[#This Row],[Datum]],2)+18,"")) -> 20 | R89: =IF(Chronologie[[#This Row],[Gegner]]="","",VLOOKUP(Chronologie[[#This Row],[Gegner]],Orte[],5,FALSE)) -> Großschirma | S89: =IF(Chronologie[[#This Row],[Gegner]]="","",IF(Chronologie[[#This Row],[H/A]]="H",4,VLOOKUP(Chronologie[[#This Row],[Gegner]],Orte[],6,FALSE))) -> 2 | U89: =IFERROR(TIMEVALUE(LEFT(Chronologie[[#This Row],[Startzeit]],5)),"") | V89: =IFERROR(TIMEVALUE(LEFT(Chronologie[[#This Row],[Startzeit]],5))+TIME(12/Chronologie[[#This Row],[Bahnen]],0,0),"") | X89: SV Grün-Weiß Niederwiesa | AA89: =IF(Orte[[#This Row],[Anschrift]]="",Orte[[#This Row],[Kurzform]],RIGHT(Orte[[#This Row],[Anschrift]],LEN(Orte[[#This Row],[Anschrift]])-FIND("#",SUBSTITUTE(Orte[[#This Row],[Anschrift]]," ","#",LEN(Orte[[#This Row],[Anschrift]])-LEN(SUBSTITUTE(Orte[[#This Row],[Anschrift]]," ",)))))) -> Niederwiesa | AB89: Niederwiesa | AC89: 2
E90: =ROW(E90)-2 -> 88 | F90: =Chronologie[[#This Row],[Team]]&"-"&Chronologie[[#This Row],[L/P/E]]&"-"&Chronologie[[#This Row],[ST]] -> M-KEM-V | G90: 46032 | H90: M | I90: KEM | J90: V | K90: SV Linda | L90: =IF(Chronologie[[#This Row],[H/A]]="A",VLOOKUP(Chronologie[[#This Row],[Gegner]],Orte[],4,FALSE),IF(Chronologie[[#This Row],[H/A]]="H","Hirschfeld",Chronologie[[#This Row],[Gegner]])) -> Linda | M90: A | N90: =Chronologie[[#This Row],[SA-NR]] -> 88 | O90: =IF(Chronologie[[#This Row],[Datum]]="","",IF(TODAY()>=Chronologie[[#This Row],[Datum]],1,0)) -> 1 | P90: =IF(COUNTIFS(Eingabe[ID],Chronologie[[#This Row],[ID]],Eingabe[GES],">0")>=1,1,0) -> 1 | Q90: =IF(YEAR(Chronologie[[#This Row],[Datum]])=2025,WEEKNUM(Chronologie[[#This Row],[Datum]],2)-34,IF(YEAR(Chronologie[[#This Row],[Datum]])=2026,WEEKNUM(Chronologie[[#This Row],[Datum]],2)+18,"")) -> 20 | R90: =IF(Chronologie[[#This Row],[Gegner]]="","",VLOOKUP(Chronologie[[#This Row],[Gegner]],Orte[],5,FALSE)) -> Linda | S90: =IF(Chronologie[[#This Row],[Gegner]]="","",IF(Chronologie[[#This Row],[H/A]]="H",4,VLOOKUP(Chronologie[[#This Row],[Gegner]],Orte[],6,FALSE))) -> 2 | U90: =IFERROR(TIMEVALUE(LEFT(Chronologie[[#This Row],[Startzeit]],5)),"") | V90: =IFERROR(TIMEVALUE(LEFT(Chronologie[[#This Row],[Startzeit]],5))+TIME(12/Chronologie[[#This Row],[Bahnen]],0,0),"") | X90: TuS Gerolsheim | AA90: =IF(Orte[[#This Row],[Anschrift]]="",Orte[[#This Row],[Kurzform]],RIGHT(Orte[[#This Row],[Anschrift]],LEN(Orte[[#This Row],[Anschrift]])-FIND("#",SUBSTITUTE(Orte[[#This Row],[Anschrift]]," ","#",LEN(Orte[[#This Row],[Anschrift]])-LEN(SUBSTITUTE(Orte[[#This Row],[Anschrift]]," ",)))))) -> Gerolsheim | AB90: Gerolsheim | AC90: 4
E91: =ROW(E91)-2 -> 89 | F91: =Chronologie[[#This Row],[Team]]&"-"&Chronologie[[#This Row],[L/P/E]]&"-"&Chronologie[[#This Row],[ST]] -> U14-KEM-E | G91: 46046 | H91: U14 | I91: KEM | J91: E | K91: SV Krummenhennersdorf | L91: =IF(Chronologie[[#This Row],[H/A]]="A",VLOOKUP(Chronologie[[#This Row],[Gegner]],Orte[],4,FALSE),IF(Chronologie[[#This Row],[H/A]]="H","Hirschfeld",Chronologie[[#This Row],[Gegner]])) -> Krummenhennersdorf | M91: A | N91: =Chronologie[[#This Row],[SA-NR]] -> 89 | O91: =IF(Chronologie[[#This Row],[Datum]]="","",IF(TODAY()>=Chronologie[[#This Row],[Datum]],1,0)) -> 1 | P91: =IF(COUNTIFS(Eingabe[ID],Chronologie[[#This Row],[ID]],Eingabe[GES],">0")>=1,1,0) -> 1 | Q91: =IF(YEAR(Chronologie[[#This Row],[Datum]])=2025,WEEKNUM(Chronologie[[#This Row],[Datum]],2)-34,IF(YEAR(Chronologie[[#This Row],[Datum]])=2026,WEEKNUM(Chronologie[[#This Row],[Datum]],2)+18,"")) -> 22 | R91: =IF(Chronologie[[#This Row],[Gegner]]="","",VLOOKUP(Chronologie[[#This Row],[Gegner]],Orte[],5,FALSE)) -> Krummi | S91: =IF(Chronologie[[#This Row],[Gegner]]="","",IF(Chronologie[[#This Row],[H/A]]="H",4,VLOOKUP(Chronologie[[#This Row],[Gegner]],Orte[],6,FALSE))) -> 4 | U91: =IFERROR(TIMEVALUE(LEFT(Chronologie[[#This Row],[Startzeit]],5)),"") | V91: =IFERROR(TIMEVALUE(LEFT(Chronologie[[#This Row],[Startzeit]],5))+TIME(12/Chronologie[[#This Row],[Bahnen]],0,0),"") | X91: SV Dölzig | Y91: Am Sportpark 2, 04179 Leipzig | Z91: 4179 | AA91: =IF(Orte[[#This Row],[Anschrift]]="",Orte[[#This Row],[Kurzform]],RIGHT(Orte[[#This Row],[Anschrift]],LEN(Orte[[#This Row],[Anschrift]])-FIND("#",SUBSTITUTE(Orte[[#This Row],[Anschrift]]," ","#",LEN(Orte[[#This Row],[Anschrift]])-LEN(SUBSTITUTE(Orte[[#This Row],[Anschrift]]," ",)))))) -> Leipzig | AB91: Dölzig | AC91: 4
E92: =ROW(E92)-2 -> 90 | F92: =Chronologie[[#This Row],[Team]]&"-"&Chronologie[[#This Row],[L/P/E]]&"-"&Chronologie[[#This Row],[ST]] -> U19-KEM-E | G92: 46046 | H92: U19 | I92: KEM | J92: E | K92: SV Krummenhennersdorf | L92: =IF(Chronologie[[#This Row],[H/A]]="A",VLOOKUP(Chronologie[[#This Row],[Gegner]],Orte[],4,FALSE),IF(Chronologie[[#This Row],[H/A]]="H","Hirschfeld",Chronologie[[#This Row],[Gegner]])) -> Krummenhennersdorf | M92: A | N92: =Chronologie[[#This Row],[SA-NR]] -> 90 | O92: =IF(Chronologie[[#This Row],[Datum]]="","",IF(TODAY()>=Chronologie[[#This Row],[Datum]],1,0)) -> 1 | P92: =IF(COUNTIFS(Eingabe[ID],Chronologie[[#This Row],[ID]],Eingabe[GES],">0")>=1,1,0) -> 1 | Q92: =IF(YEAR(Chronologie[[#This Row],[Datum]])=2025,WEEKNUM(Chronologie[[#This Row],[Datum]],2)-34,IF(YEAR(Chronologie[[#This Row],[Datum]])=2026,WEEKNUM(Chronologie[[#This Row],[Datum]],2)+18,"")) -> 22 | R92: =IF(Chronologie[[#This Row],[Gegner]]="","",VLOOKUP(Chronologie[[#This Row],[Gegner]],Orte[],5,FALSE)) -> Krummi | S92: =IF(Chronologie[[#This Row],[Gegner]]="","",IF(Chronologie[[#This Row],[H/A]]="H",4,VLOOKUP(Chronologie[[#This Row],[Gegner]],Orte[],6,FALSE))) -> 4 | U92: =IFERROR(TIMEVALUE(LEFT(Chronologie[[#This Row],[Startzeit]],5)),"") | V92: =IFERROR(TIMEVALUE(LEFT(Chronologie[[#This Row],[Startzeit]],5))+TIME(12/Chronologie[[#This Row],[Bahnen]],0,0),"") | X92: Lok Köthen | Y92: Am Güterbahnhof, 06366 Köthen | Z92: 6366 | AA92: =IF(Orte[[#This Row],[Anschrift]]="",Orte[[#This Row],[Kurzform]],RIGHT(Orte[[#This Row],[Anschrift]],LEN(Orte[[#This Row],[Anschrift]])-FIND("#",SUBSTITUTE(Orte[[#This Row],[Anschrift]]," ","#",LEN(Orte[[#This Row],[Anschrift]])-LEN(SUBSTITUTE(Orte[[#This Row],[Anschrift]]," ",)))))) -> Köthen | AB92: Köthen | AC92: 4
E93: =ROW(E93)-2 -> 91 | F93: =Chronologie[[#This Row],[Team]]&"-"&Chronologie[[#This Row],[L/P/E]]&"-"&Chronologie[[#This Row],[ST]] -> E-P-2 | G93: 46052 | H93: E | I93: P | J93: 2 | K93: Königsbrücker KV WR | L93: =IF(Chronologie[[#This Row],[H/A]]="A",VLOOKUP(Chronologie[[#This Row],[Gegner]],Orte[],4,FALSE),IF(Chronologie[[#This Row],[H/A]]="H","Hirschfeld",Chronologie[[#This Row],[Gegner]])) -> Hirschfeld | M93: H | N93: =Chronologie[[#This Row],[SA-NR]] -> 91 | O93: =IF(Chronologie[[#This Row],[Datum]]="","",IF(TODAY()>=Chronologie[[#This Row],[Datum]],1,0)) -> 1 | P93: =IF(COUNTIFS(Eingabe[ID],Chronologie[[#This Row],[ID]],Eingabe[GES],">0")>=1,1,0) -> 1 | Q93: =IF(YEAR(Chronologie[[#This Row],[Datum]])=2025,WEEKNUM(Chronologie[[#This Row],[Datum]],2)-34,IF(YEAR(Chronologie[[#This Row],[Datum]])=2026,WEEKNUM(Chronologie[[#This Row],[Datum]],2)+18,"")) -> 23 | R93: =IF(Chronologie[[#This Row],[Gegner]]="","",VLOOKUP(Chronologie[[#This Row],[Gegner]],Orte[],5,FALSE)) -> Königsbrück | S93: =IF(Chronologie[[#This Row],[Gegner]]="","",IF(Chronologie[[#This Row],[H/A]]="H",4,VLOOKUP(Chronologie[[#This Row],[Gegner]],Orte[],6,FALSE))) -> 4 | U93: =IFERROR(TIMEVALUE(LEFT(Chronologie[[#This Row],[Startzeit]],5)),"") | V93: =IFERROR(TIMEVALUE(LEFT(Chronologie[[#This Row],[Startzeit]],5))+TIME(12/Chronologie[[#This Row],[Bahnen]],0,0),"") | X93: SV Linda | Y93: Am Sportlerheim 6, 09618 Linda | Z93: 9618 | AA93: =IF(Orte[[#This Row],[Anschrift]]="",Orte[[#This Row],[Kurzform]],RIGHT(Orte[[#This Row],[Anschrift]],LEN(Orte[[#This Row],[Anschrift]])-FIND("#",SUBSTITUTE(Orte[[#This Row],[Anschrift]]," ","#",LEN(Orte[[#This Row],[Anschrift]])-LEN(SUBSTITUTE(Orte[[#This Row],[Anschrift]]," ",)))))) -> Linda | AB93: Linda | AC93: 2
E94: =ROW(E94)-2 -> 92 | F94: =Chronologie[[#This Row],[Team]]&"-"&Chronologie[[#This Row],[L/P/E]]&"-"&Chronologie[[#This Row],[ST]] -> U23-KEM-E | G94: 46053 | H94: U23 | I94: KEM | J94: E | K94: SV Krummenhennersdorf | L94: =IF(Chronologie[[#This Row],[H/A]]="A",VLOOKUP(Chronologie[[#This Row],[Gegner]],Orte[],4,FALSE),IF(Chronologie[[#This Row],[H/A]]="H","Hirschfeld",Chronologie[[#This Row],[Gegner]])) -> Krummenhennersdorf | M94: A | N94: =Chronologie[[#This Row],[SA-NR]] -> 92 | O94: =IF(Chronologie[[#This Row],[Datum]]="","",IF(TODAY()>=Chronologie[[#This Row],[Datum]],1,0)) -> 1 | P94: =IF(COUNTIFS(Eingabe[ID],Chronologie[[#This Row],[ID]],Eingabe[GES],">0")>=1,1,0) -> 1 | Q94: =IF(YEAR(Chronologie[[#This Row],[Datum]])=2025,WEEKNUM(Chronologie[[#This Row],[Datum]],2)-34,IF(YEAR(Chronologie[[#This Row],[Datum]])=2026,WEEKNUM(Chronologie[[#This Row],[Datum]],2)+18,"")) -> 23 | R94: =IF(Chronologie[[#This Row],[Gegner]]="","",VLOOKUP(Chronologie[[#This Row],[Gegner]],Orte[],5,FALSE)) -> Krummi | S94: =IF(Chronologie[[#This Row],[Gegner]]="","",IF(Chronologie[[#This Row],[H/A]]="H",4,VLOOKUP(Chronologie[[#This Row],[Gegner]],Orte[],6,FALSE))) -> 4 | U94: =IFERROR(TIMEVALUE(LEFT(Chronologie[[#This Row],[Startzeit]],5)),"") | V94: =IFERROR(TIMEVALUE(LEFT(Chronologie[[#This Row],[Startzeit]],5))+TIME(12/Chronologie[[#This Row],[Bahnen]],0,0),"")
E95: =ROW(E95)-2 -> 93 | F95: =Chronologie[[#This Row],[Team]]&"-"&Chronologie[[#This Row],[L/P/E]]&"-"&Chronologie[[#This Row],[ST]] -> Ü60-KEM-E | G95: 46053 | H95: Ü60 | I95: KEM | J95: E | K95: SV Krummenhennersdorf | L95: =IF(Chronologie[[#This Row],[H/A]]="A",VLOOKUP(Chronologie[[#This Row],[Gegner]],Orte[],4,FALSE),IF(Chronologie[[#This Row],[H/A]]="H","Hirschfeld",Chronologie[[#This Row],[Gegner]])) -> Krummenhennersdorf | M95: A | N95: =Chronologie[[#This Row],[SA-NR]] -> 93 | O95: =IF(Chronologie[[#This Row],[Datum]]="","",IF(TODAY()>=Chronologie[[#This Row],[Datum]],1,0)) -> 1 | P95: =IF(COUNTIFS(Eingabe[ID],Chronologie[[#This Row],[ID]],Eingabe[GES],">0")>=1,1,0) -> 1 | Q95: =IF(YEAR(Chronologie[[#This Row],[Datum]])=2025,WEEKNUM(Chronologie[[#This Row],[Datum]],2)-34,IF(YEAR(Chronologie[[#This Row],[Datum]])=2026,WEEKNUM(Chronologie[[#This Row],[Datum]],2)+18,"")) -> 23 | R95: =IF(Chronologie[[#This Row],[Gegner]]="","",VLOOKUP(Chronologie[[#This Row],[Gegner]],Orte[],5,FALSE)) -> Krummi | S95: =IF(Chronologie[[#This Row],[Gegner]]="","",IF(Chronologie[[#This Row],[H/A]]="H",4,VLOOKUP(Chronologie[[#This Row],[Gegner]],Orte[],6,FALSE))) -> 4 | U95: =IFERROR(TIMEVALUE(LEFT(Chronologie[[#This Row],[Startzeit]],5)),"") | V95: =IFERROR(TIMEVALUE(LEFT(Chronologie[[#This Row],[Startzeit]],5))+TIME(12/Chronologie[[#This Row],[Bahnen]],0,0),"")
E96: =ROW(E96)-2 -> 94 | F96: =Chronologie[[#This Row],[Team]]&"-"&Chronologie[[#This Row],[L/P/E]]&"-"&Chronologie[[#This Row],[ST]] -> Ü50-KEM-E | G96: 46053 | H96: Ü50 | I96: KEM | J96: E | K96: SV Krummenhennersdorf | L96: =IF(Chronologie[[#This Row],[H/A]]="A",VLOOKUP(Chronologie[[#This Row],[Gegner]],Orte[],4,FALSE),IF(Chronologie[[#This Row],[H/A]]="H","Hirschfeld",Chronologie[[#This Row],[Gegner]])) -> Krummenhennersdorf | M96: A | N96: =Chronologie[[#This Row],[SA-NR]] -> 94 | O96: =IF(Chronologie[[#This Row],[Datum]]="","",IF(TODAY()>=Chronologie[[#This Row],[Datum]],1,0)) -> 1 | P96: =IF(COUNTIFS(Eingabe[ID],Chronologie[[#This Row],[ID]],Eingabe[GES],">0")>=1,1,0) -> 1 | Q96: =IF(YEAR(Chronologie[[#This Row],[Datum]])=2025,WEEKNUM(Chronologie[[#This Row],[Datum]],2)-34,IF(YEAR(Chronologie[[#This Row],[Datum]])=2026,WEEKNUM(Chronologie[[#This Row],[Datum]],2)+18,"")) -> 23 | R96: =IF(Chronologie[[#This Row],[Gegner]]="","",VLOOKUP(Chronologie[[#This Row],[Gegner]],Orte[],5,FALSE)) -> Krummi | S96: =IF(Chronologie[[#This Row],[Gegner]]="","",IF(Chronologie[[#This Row],[H/A]]="H",4,VLOOKUP(Chronologie[[#This Row],[Gegner]],Orte[],6,FALSE))) -> 4 | U96: =IFERROR(TIMEVALUE(LEFT(Chronologie[[#This Row],[Startzeit]],5)),"") | V96: =IFERROR(TIMEVALUE(LEFT(Chronologie[[#This Row],[Startzeit]],5))+TIME(12/Chronologie[[#This Row],[Bahnen]],0,0),"")
E97: =ROW(E97)-2 -> 95 | F97: =Chronologie[[#This Row],[Team]]&"-"&Chronologie[[#This Row],[L/P/E]]&"-"&Chronologie[[#This Row],[ST]] -> M-KEM-E | G97: 46053 | H97: M | I97: KEM | J97: E | K97: SV Krummenhennersdorf | L97: =IF(Chronologie[[#This Row],[H/A]]="A",VLOOKUP(Chronologie[[#This Row],[Gegner]],Orte[],4,FALSE),IF(Chronologie[[#This Row],[H/A]]="H","Hirschfeld",Chronologie[[#This Row],[Gegner]])) -> Krummenhennersdorf | M97: A | N97: =Chronologie[[#This Row],[SA-NR]] -> 95 | O97: =IF(Chronologie[[#This Row],[Datum]]="","",IF(TODAY()>=Chronologie[[#This Row],[Datum]],1,0)) -> 1 | P97: =IF(COUNTIFS(Eingabe[ID],Chronologie[[#This Row],[ID]],Eingabe[GES],">0")>=1,1,0) -> 1 | Q97: =IF(YEAR(Chronologie[[#This Row],[Datum]])=2025,WEEKNUM(Chronologie[[#This Row],[Datum]],2)-34,IF(YEAR(Chronologie[[#This Row],[Datum]])=2026,WEEKNUM(Chronologie[[#This Row],[Datum]],2)+18,"")) -> 23 | R97: =IF(Chronologie[[#This Row],[Gegner]]="","",VLOOKUP(Chronologie[[#This Row],[Gegner]],Orte[],5,FALSE)) -> Krummi | S97: =IF(Chronologie[[#This Row],[Gegner]]="","",IF(Chronologie[[#This Row],[H/A]]="H",4,VLOOKUP(Chronologie[[#This Row],[Gegner]],Orte[],6,FALSE))) -> 4 | U97: =IFERROR(TIMEVALUE(LEFT(Chronologie[[#This Row],[Startzeit]],5)),"") | V97: =IFERROR(TIMEVALUE(LEFT(Chronologie[[#This Row],[Startzeit]],5))+TIME(12/Chronologie[[#This Row],[Bahnen]],0,0),"")
E98: =ROW(E98)-2 -> 96 | F98: =Chronologie[[#This Row],[Team]]&"-"&Chronologie[[#This Row],[L/P/E]]&"-"&Chronologie[[#This Row],[ST]] -> --E | J98: E | L98: =IF(Chronologie[[#This Row],[H/A]]="A",VLOOKUP(Chronologie[[#This Row],[Gegner]],Orte[],4,FALSE),IF(Chronologie[[#This Row],[H/A]]="H","Hirschfeld",Chronologie[[#This Row],[Gegner]])) -> 0 | N98: =Chronologie[[#This Row],[SA-NR]] -> 96 | O98: =IF(Chronologie[[#This Row],[Datum]]="","",IF(TODAY()>=Chronologie[[#This Row],[Datum]],1,0)) | P98: =IF(COUNTIFS(Eingabe[ID],Chronologie[[#This Row],[ID]],Eingabe[GES],">0")>=1,1,0) -> 0 | Q98: =IF(YEAR(Chronologie[[#This Row],[Datum]])=2025,WEEKNUM(Chronologie[[#This Row],[Datum]],2)-34,IF(YEAR(Chronologie[[#This Row],[Datum]])=2026,WEEKNUM(Chronologie[[#This Row],[Datum]],2)+18,"")) | R98: =IF(Chronologie[[#This Row],[Gegner]]="","",VLOOKUP(Chronologie[[#This Row],[Gegner]],Orte[],5,FALSE)) | S98: =IF(Chronologie[[#This Row],[Gegner]]="","",IF(Chronologie[[#This Row],[H/A]]="H",4,VLOOKUP(Chronologie[[#This Row],[Gegner]],Orte[],6,FALSE))) | U98: =IFERROR(TIMEVALUE(LEFT(Chronologie[[#This Row],[Startzeit]],5)),"") | V98: =IFERROR(TIMEVALUE(LEFT(Chronologie[[#This Row],[Startzeit]],5))+TIME(12/Chronologie[[#This Row],[Bahnen]],0,0),"")
E99: =ROW(E99)-2 -> 97 | F99: =Chronologie[[#This Row],[Team]]&"-"&Chronologie[[#This Row],[L/P/E]]&"-"&Chronologie[[#This Row],[ST]] -> -- | L99: =IF(Chronologie[[#This Row],[H/A]]="A",VLOOKUP(Chronologie[[#This Row],[Gegner]],Orte[],4,FALSE),IF(Chronologie[[#This Row],[H/A]]="H","Hirschfeld",Chronologie[[#This Row],[Gegner]])) -> 0 | N99: =Chronologie[[#This Row],[SA-NR]] -> 97 | O99: =IF(Chronologie[[#This Row],[Datum]]="","",IF(TODAY()>=Chronologie[[#This Row],[Datum]],1,0)) | P99: =IF(COUNTIFS(Eingabe[ID],Chronologie[[#This Row],[ID]],Eingabe[GES],">0")>=1,1,0) -> 0 | Q99: =IF(YEAR(Chronologie[[#This Row],[Datum]])=2025,WEEKNUM(Chronologie[[#This Row],[Datum]],2)-34,IF(YEAR(Chronologie[[#This Row],[Datum]])=2026,WEEKNUM(Chronologie[[#This Row],[Datum]],2)+18,"")) | R99: =IF(Chronologie[[#This Row],[Gegner]]="","",VLOOKUP(Chronologie[[#This Row],[Gegner]],Orte[],5,FALSE)) | S99: =IF(Chronologie[[#This Row],[Gegner]]="","",IF(Chronologie[[#This Row],[H/A]]="H",4,VLOOKUP(Chronologie[[#This Row],[Gegner]],Orte[],6,FALSE))) | U99: =IFERROR(TIMEVALUE(LEFT(Chronologie[[#This Row],[Startzeit]],5)),"") | V99: =IFERROR(TIMEVALUE(LEFT(Chronologie[[#This Row],[Startzeit]],5))+TIME(12/Chronologie[[#This Row],[Bahnen]],0,0),"")
E100: =ROW(E100)-2 -> 98 | F100: =Chronologie[[#This Row],[Team]]&"-"&Chronologie[[#This Row],[L/P/E]]&"-"&Chronologie[[#This Row],[ST]] -> -- | L100: =IF(Chronologie[[#This Row],[H/A]]="A",VLOOKUP(Chronologie[[#This Row],[Gegner]],Orte[],4,FALSE),IF(Chronologie[[#This Row],[H/A]]="H","Hirschfeld",Chronologie[[#This Row],[Gegner]])) -> 0 | N100: =Chronologie[[#This Row],[SA-NR]] -> 98 | O100: =IF(Chronologie[[#This Row],[Datum]]="","",IF(TODAY()>=Chronologie[[#This Row],[Datum]],1,0)) | P100: =IF(COUNTIFS(Eingabe[ID],Chronologie[[#This Row],[ID]],Eingabe[GES],">0")>=1,1,0) -> 0 | Q100: =IF(YEAR(Chronologie[[#This Row],[Datum]])=2025,WEEKNUM(Chronologie[[#This Row],[Datum]],2)-34,IF(YEAR(Chronologie[[#This Row],[Datum]])=2026,WEEKNUM(Chronologie[[#This Row],[Datum]],2)+18,"")) | R100: =IF(Chronologie[[#This Row],[Gegner]]="","",VLOOKUP(Chronologie[[#This Row],[Gegner]],Orte[],5,FALSE)) | S100: =IF(Chronologie[[#This Row],[Gegner]]="","",IF(Chronologie[[#This Row],[H/A]]="H",4,VLOOKUP(Chronologie[[#This Row],[Gegner]],Orte[],6,FALSE))) | U100: =IFERROR(TIMEVALUE(LEFT(Chronologie[[#This Row],[Startzeit]],5)),"") | V100: =IFERROR(TIMEVALUE(LEFT(Chronologie[[#This Row],[Startzeit]],5))+TIME(12/Chronologie[[#This Row],[Bahnen]],0,0),"")
E101: =ROW(E101)-2 -> 99 | F101: =Chronologie[[#This Row],[Team]]&"-"&Chronologie[[#This Row],[L/P/E]]&"-"&Chronologie[[#This Row],[ST]] -> -- | L101: =IF(Chronologie[[#This Row],[H/A]]="A",VLOOKUP(Chronologie[[#This Row],[Gegner]],Orte[],4,FALSE),IF(Chronologie[[#This Row],[H/A]]="H","Hirschfeld",Chronologie[[#This Row],[Gegner]])) -> 0 | N101: =Chronologie[[#This Row],[SA-NR]] -> 99 | O101: =IF(Chronologie[[#This Row],[Datum]]="","",IF(TODAY()>=Chronologie[[#This Row],[Datum]],1,0)) | P101: =IF(COUNTIFS(Eingabe[ID],Chronologie[[#This Row],[ID]],Eingabe[GES],">0")>=1,1,0) -> 0 | Q101: =IF(YEAR(Chronologie[[#This Row],[Datum]])=2025,WEEKNUM(Chronologie[[#This Row],[Datum]],2)-34,IF(YEAR(Chronologie[[#This Row],[Datum]])=2026,WEEKNUM(Chronologie[[#This Row],[Datum]],2)+18,"")) | R101: =IF(Chronologie[[#This Row],[Gegner]]="","",VLOOKUP(Chronologie[[#This Row],[Gegner]],Orte[],5,FALSE)) | S101: =IF(Chronologie[[#This Row],[Gegner]]="","",IF(Chronologie[[#This Row],[H/A]]="H",4,VLOOKUP(Chronologie[[#This Row],[Gegner]],Orte[],6,FALSE))) | U101: =IFERROR(TIMEVALUE(LEFT(Chronologie[[#This Row],[Startzeit]],5)),"") | V101: =IFERROR(TIMEVALUE(LEFT(Chronologie[[#This Row],[Startzeit]],5))+TIME(12/Chronologie[[#This Row],[Bahnen]],0,0),"")
